url,title,published_date
https://www.wsb.com/blog/world-economy-the-why-to-whats-happening/,World Economy The Why To Whats Happening,2022-09-06
https://www.wsb.com/blog/leading-with-connectional-intelligence-in-a-hybrid-world/,Leading With Connectional Intelligence In A Hybrid World,2022-09-06
https://www.wsb.com/blog/achieving-growth-during-recessionary-times-history-teaches-us-that-what-you-do-right-now-really-matters/,Achieving Growth During Recessionary Times,2022-09-06
https://www.wsb.com/blog/leadership-as-an-acquired-skill/,Leadership As An Acquired Skill,2023-01-04
https://www.wsb.com/blog/inflation-technology-make-this-tightening-cycle-more-precarious/,Inflation Technology Make This Tightening Cycle More Precarious,2023-03-15
https://www.wsb.com/blog/stop-running-away-from-hard-conversations/,Stop Running Away From Hard Conversations,2023-03-31
https://www.wsb.com/blog/generative-ai-can-improve-strategy/,Generative AI Can Improve Strategy,2023-07-10
https://www.wsb.com/blog/workplace-culture-leadership-will-impact-future-of-work/,Workplace Culture Leadership Will Impact Future Of Work,2023-09-08
https://www.wsb.com/blog/success-insights-from-the-blue-angels/,Success Insights From The Blue Angels,2024-10-10
https://www.wsb.com/blog/high-performing-teams-need-more-than-trust/,High Performing Teams Need More Than Trust,2024-12-06
https://www.wsb.com/blog/celebration-is-the-key-to-building-teams/,Celebration Is The Key To Building Teams,2024-12-06
https://www.wsb.com/blog/unlock-your-growth-potential/,Unlock Your Growth Potential,2024-12-06
https://www.wsb.com/blog/better-together-restoring-human-connection-in-a-digital-world/,Better Together Restoring Human Connection In A Digital World,2024-12-06
https://www.wsb.com/blog/why-11s-are-critical-for-team-succes/,Why 1:1s Are Critical For Team Success,2024-12-06
https://www.wsb.com/blog/why-your-organization-needs-neurodiversity/,Why Your Organization Needs Neurodiversity,2024-12-06
https://www.wsb.com/blog/generative-ai-and-idea-curation/,Generative AI And Idea Curation,2024-12-06
https://www.wsb.com/blog/the-value-in-who-we-meet-brody-young/,The Value In Who We Meet - Brody Young,2024-12-06
https://www.wsb.com/blog/finding-strength-through-struggles-jordan-rogers/,Finding Strength Through Struggles - Jordan Rogers,2024-12-06
https://www.wsb.com/blog/how-to-assemble-a-united-team/,How To Assemble A United Team,2024-12-06
https://www.wsb.com/blog/the-gold-medal-in-the-workplace-goes-to-trust/,The Gold Medal In The Workplace Goes To Trust,2024-12-06
https://www.wsb.com/blog/three-game-changing-asks-to-accelerate-your-goals/,Three Game Changing Asks To Accelerate Your Goals,2024-12-06
https://www.wsb.com/blog/the-fiscal-cliffs-coming-our-way-in-2025/,The Fiscal Cliffs Coming Our Way In 2025,2024-12-06
https://www.wsb.com/blog/five-lessons-from-my-appalachian-trail-adventures/,Five Lessons From My Appalachian Trail Adventures,2024-12-06
https://www.wsb.com/blog/the-ascent-of-nvidia-and-future-implications/,The Ascent Of Nvidia And Future Implications,2024-12-06
https://www.wsb.com/blog/we-do-hard-things/,We Do Hard Things,2024-12-06
https://www.wsb.com/blog/overcoming-mindtraps-hortense-le-gentil/,Overcoming Mindtraps - Hortense Le Gentil,2024-12-06
https://www.wsb.com/blog/high-performance-habits-chris-dyer/,High Performance Habits - Chris Dyer,2024-12-06
https://www.wsb.com/blog/have-a-champions-mindset-michelle-diamond/,Have A Champions Mindset - Michelle Diamond,2024-12-06
https://www.wsb.com/blog/a-great-america-has-great-institutions/,A Great America Has Great Institutions,2024-12-06
https://www.wsb.com/blog/humanity-in-business-chris-bashinelli/,Humanity In Business - Chris Bashinelli,2024-12-06
https://www.wsb.com/blog/the-keys-to-spacex-success/,The Keys To SpaceX Success,2024-12-06
https://www.wsb.com/blog/resparkle-your-life-tali-sharot/,Resparkle Your Life - Tali Sharot,2024-12-06
https://www.wsb.com/blog/building-a-bridge-to-success/,Building A Bridge To Success,2024-12-06
https://www.wsb.com/blog/how-to-build-a-life-rich-in-experiences/,How To Build A Life Rich In Experiences,2024-12-06
https://www.wsb.com/blog/ai-flow-state-workplace-nikki-greenberg/,AI Flow State Workplace - Nikki Greenberg,2024-12-06
https://www.wsb.com/blog/how-to-lead-with-simplicity/,How To Lead With Simplicity,2024-12-06
https://www.wsb.com/blog/how-to-rethink-building-trust/,How To Rethink Building Trust,2024-12-06
https://www.wsb.com/blog/your-2024-resilient-flight-plan/,Your 2024 Resilient Flight Plan,2024-12-06
https://www.wsb.com/blog/respect-what-drug-dealers-taught-me-about-trust/,Respect What Drug Dealers Taught Me About Trust,2024-12-06
https://www.wsb.com/blog/leadership-lessons-from-the-worlds-highest-peaks/,Leadership Lessons From The Worlds Highest Peaks,2024-12-19
https://www.wsb.com/blog/embracing-imposter-syndrome-with-gratitudeology/,Embracing Imposter Syndrome With Gratitudeology,2024-12-19
https://www.wsb.com/blog/using-creativity-to-navigate-tough-times/,Using Creativity To Navigate Tough Times,2024-12-19
https://www.wsb.com/blog/excuse-the-excuse/,Excuse The Excuse,2024-12-19
https://www.wsb.com/blog/mattering-at-intersection-human-business-needs/,Mattering At Intersection Human Business Needs,2024-12-19
https://www.wsb.com/blog/the-secret-to-public-speaking/,The Secret To Public Speaking,2024-12-19
https://www.wsb.com/blog/leadership-helps-out-team-competition/,Leadership Helps Out Team Competition,2024-12-19
https://www.wsb.com/blog/self-efficacy-and-performance/,Self Efficacy And Performance,2024-12-19
https://www.wsb.com/blog/steps-to-protect-yourself-from-cyber-criminals/,Steps To Protect Yourself From Cyber Criminals,2024-12-19
https://www.wsb.com/blog/spark-disruptive-thinking-and-business-growth/,Spark Disruptive Thinking And Business Growth,2024-12-19
https://www.wsb.com/blog/moving-forward-when-it-seems-impossible/,Moving Forward When It Seems Impossible,2024-12-19
https://www.wsb.com/blog/you-are-the-locus-of-control/,You Are The Locus Of Control,2024-12-19
https://www.wsb.com/blog/hire-like-professional-sports-farm-team/,Hire Like Professional Sports Farm Team,2024-12-19
https://www.wsb.com/blog/five-things-to-focus-on-leading-change/,Five Things To Focus On Leading Change,2024-12-19
https://www.wsb.com/blog/tuning-out-vs-turning-out/,Tuning Out Vs Turning Out,2024-12-19
https://www.wsb.com/blog/cultivating-teamwork-in-the-age-of-ai/,Cultivating Teamwork In The Age Of AI,2024-12-19
https://www.wsb.com/blog/why-people-shouldnt-worry-about-ai/,Why People Shouldnt Worry About AI,2024-12-19
https://www.wsb.com/blog/your-workplace-is-your-laboratory/,Your Workplace Is Your Laboratory,2024-12-19
https://www.wsb.com/blog/go-from-victim-to-victor/,Go From Victim To Victor,2024-12-19
https://www.wsb.com/blog/strengthening-strategic-thinking/,Strengthening Strategic Thinking,2024-12-19
https://www.wsb.com/blog/power-of-living-for-your-daydream/,Power Of Living For Your Daydream,2024-12-19
https://www.wsb.com/blog/how-to-overcome-fear-of-failure/,How To Overcome Fear Of Failure,2024-12-19
https://www.wsb.com/blog/this-debt-crisis-threat-is-real/,This Debt Crisis Threat Is Real,2024-12-19
https://www.wsb.com/blog/2-powerful-lessons-for-your-life-and-business/,2 Powerful Lessons For Your Life And Business,2024-12-19
https://www.wsb.com/blog/artificial-intelligence-the-acceleration-of-risk-and-legal-complexity/,Artificial Intelligence The Acceleration Of Risk And Legal Complexity,2024-12-19
https://www.wsb.com/blog/the-cowboy-way-to-success/,The Cowboy Way To Success,2024-12-19
https://www.wsb.com/blog/transforming-your-mindset-for-success/,Transforming Your Mindset For Success,2024-12-19
https://www.wsb.com/blog/how-to-rebuild-psychological-safety/,How To Rebuild Psychological Safety,2024-12-19
https://www.wsb.com/blog/the-future-of-everything/,The Future Of Everything,2024-12-19
https://www.wsb.com/blog/what-could-be-possible/,What Could Be Possible,2024-12-19
https://www.wsb.com/blog/asking-questions-to-innovate-and-inspire/,Asking Questions To Innovate And Inspire,2024-12-19
https://www.wsb.com/blog/visionary-leadership-has-never-been-more-important/,Visionary Leadership Has Never Been More Important,2024-12-19
https://www.wsb.com/blog/positive-energy-in-trying-times/,Positive Energy In Trying Times,2024-12-19
https://www.wsb.com/blog/human-connection-in-a-hybrid-workforce/,Human Connection In A Hybrid Workforce,2024-12-19
https://www.wsb.com/blog/resistance-to-change/,Resistance To Change,2024-12-19
https://www.wsb.com/blog/thinking-about-possible-futures/,Thinking About Possible Futures,2024-12-19
https://www.wsb.com/blog/think-different-business-as-unusual/,Think Different Business As Unusual,2024-12-19
https://www.wsb.com/blog/ripple-effect-of-kindness/,Ripple Effect Of Kindness,2024-12-19
https://www.wsb.com/blog/employee-retention-secret/,Employee Retention Secret,2024-12-19
https://www.wsb.com/blog/leading-change-and-surviving-the-experience/,Leading Change And Surviving The Experience,2024-12-19
https://www.wsb.com/blog/three-ways-to-make-2023-your-best-year-ever/,Three Ways To Make 2023 Your Best Year Ever,2024-12-19
https://www.wsb.com/blog/the-problem-with-esg/,The Problem With ESG,2024-12-19
https://www.wsb.com/blog/give-thanks-thanksgiving-recipes/,Give Thanks Thanksgiving Recipes,2024-12-19
https://www.wsb.com/blog/metaverse-healthcare-innovation/,Metaverse Healthcare Innovation,2024-12-19
https://www.wsb.com/blog/tips-for-better-memory/,Tips For Better Memory,2024-12-19
https://www.wsb.com/blog/decline-is-a-choice-americans-decline-to-make/,Decline Is A Choice Americans Decline To Make,2024-12-19
https://www.wsb.com/blog/dire-situation-facing-russia-in-ukraine-and-possible-way-ahead/,Dire Situation Facing Russia In Ukraine And Possible Way Ahead,2024-12-19
https://www.wsb.com/blog/love-hate-relationship-with-journaling/,Love Hate Relationship With Journaling,2024-12-19
https://www.wsb.com/blog/three-tips-for-preventing-managing-burnout/,Three Tips For Preventing Managing Burnout,2024-12-19
https://www.wsb.com/blog/leading-the-empowered-workforce/,Leading The Empowered Workforce,2024-12-19
https://www.wsb.com/blog/from-fear-to-moving-forward/,From Fear To Moving Forward,2024-12-21
https://www.wsb.com/blog/how-to-win-big-in-the-game-of-work-and-life/,How To Win Big In The Game Of Work And Life,2025-01-05
https://www.wsb.com/blog/the-path-to-safe-and-productive-human-ai-work/,The Path To Safe And Productive Human AI Work,2025-01-05
https://www.wsb.com/blog/the-freedom-formula/,The Freedom Formula,2025-01-05
https://www.wsb.com/blog/transforming-fear-into-focus/,Transforming Fear Into Focus,2025-01-10
https://www.wsb.com/blog/finding-light-in-shadows-of-doubt/,Finding Light In Shadows Of Doubt,2025-01-16
https://www.wsb.com/blog/leading-with-presence/,Leading With Presence,2025-01-23
https://www.wsb.com/blog/debunking-three-fairness-myths/,Debunking Three Fairness Myths,2025-02-12
https://www.wsb.com/blog/embracing-lifes-full-spectrum-lessons/,Embracing Lifes Full Spectrum Lessons,2025-02-27
https://www.wsb.com/blog/reflection-on-israel-at-war/,Reflection On Israel At War,2025-02-27
https://www.wsb.com/blog/trust-and-ai-ashley-reichheld/,Trust And AI - Ashley Reichheld,2025-02-27
https://www.wsb.com/blog/the-shifting-geopolitics-of-great-power-competition-john-sitilides/,The Shifting Geopolitics Of Great Power Competition - John Sitilides,2025-02-27
https://www.wsb.com/blog/the-pain-points-of-business-jargon/,The Pain Points Of Business Jargon,2025-03-06
https://www.wsb.com/blog/how-to-watch-the-news-without-losing-your-mind/,How To Watch The News Without Losing Your Mind,2025-03-07
https://www.wsb.com/blog/questioning-the-status-quo-to-drive-gender-equality/,Questioning The Status Quo To Drive Gender Equality,2025-03-07
https://www.wsb.com/blog/resilience-over-happiness-in-the-workplace/,Resilience Over Happiness In The Workplace,2025-03-07
https://www.wsb.com/blog/the-moderated-conversation-the-industrys-answer-to-saturation/,The Moderated Conversation The Industrys Answer To Saturation,2025-03-12
https://www.wsb.com/blog/the-roots-of-americas-distrust-in-the-media/,The Roots Of Americas Distrust In The Media,2025-03-14
https://www.wsb.com/blog/lessons-in-character-from-seven-presidents/,Lessons In Character From Seven Presidents,2025-03-14
https://www.wsb.com/blog/navigating-holiday-stress-the-crucial-role-of-leadership/,Navigating Holiday Stress The Crucial Role Of Leadership,2025-03-21
https://www.wsb.com/blog/lessons-from-post-traumatic-growth/,Lessons From Post Traumatic Growth,2025-03-26
https://www.wsb.com/blog/beyond-rhetoric-kimberly-s-reed/,Beyond Rhetoric - Kimberly S. Reed,2025-03-28
https://www.wsb.com/blog/how-we-get-sucked-down-the-funnel-of-misbelief/,How We Get Sucked Down The Funnel Of Misbelief,2025-03-28
https://www.wsb.com/blog/help-one-help-many/,Help One Help Many,2025-03-28
https://www.wsb.com/blog/significance-is-significant/,Significance Is Significant,2025-03-28
https://www.wsb.com/blog/art-activates-intellectual-curiosity/,Art Activates Intellectual Curiosity,2025-03-28
https://www.wsb.com/blog/managing-risk-in-an-unsettled-world/,Managing Risk In An Unsettled World,2025-03-28
https://www.wsb.com/blog/transformation-in-the-age-of-disruption/,Transformation In The Age Of Disruption,2025-03-28
https://www.wsb.com/blog/the-coming-american-enlightenment/,The Coming American Enlightenment,2025-03-28
https://www.wsb.com/blog/embrace-the-bardo-befriending-uncertainty-in-2025-and-beyond/,Embrace The Bardo Befriending Uncertainty In 2025 And Beyond,2025-04-02
https://www.wsb.com/blog/unhiding-the-secret-to-unleashing-performance-and-potential/,Unhiding The Secret To Unleashing Performance And Potential,2025-04-03
https://www.wsb.com/blog/the-ace-model/,The ACE Model,2025-04-09
https://www.wsb.com/blog/is-silence-violence/,Is Silence Violence,2025-05-07
https://www.wsb.com/blog/laughter-is-healthy/,Laughter Is Healthy,2025-05-27
https://www.wsb.com/blog/increase-productivity-and-reduce-burnout/,Increase Productivity And Reduce Burnout,2025-05-29
https://www.wsb.com/blog/navigating-lifes-biggest-changes-and-thriving-in-what-comes-next/,Navigating Lifes Biggest Changes And Thriving In What Comes Next,2025-05-29
https://www.wsb.com/blog/the-resilience-of-globalization-in-the-era-of-trade-wars/,The Resilience Of Globalization In The Era Of Trade Wars,2025-06-06
https://www.wsb.com/blog/finding-truth-and-facing-change-with-business-and-creativity/,Finding Truth And Facing Change With Business And Creativity,2025-06-12
https://www.wsb.com/blog/a-quest-for-home/,A Quest For Home,2025-06-24
https://www.wsb.com/blog/globalization-2035-think-rewiring-not-retreat/,Globalization 2035 Think Rewiring Not Retreat,2025-06-25
https://www.wsb.com/blog/the-real-question-about-ai-is-it-making-all-of-us-better-off/,The Real Question About AI Is It Making All Of Us Better Off,2025-07-02
https://www.wsb.com/blog/the-ownership-mindset-empowering-leaders-in-2025/,The Ownership Mindset Empowering Leaders In 2025,2025-07-09
https://www.wsb.com/blog/your-event-deserves-more-than-a-talking-head-why-the-keynote-must-evolve/,Your Event Deserves More Than A Talking Head Why The Keynote Must Evolve,2025-07-16
https://www.wsb.com/blog/there-are-two-currencies-in-business/,There Are Two Currencies In Business,2025-07-23
https://www.wsb.com/blog/how-to-lead-for-high-performance-connect-with-humility-elevate-with-ambition/,How To Lead For High Performance Connect With Humility Elevate With Ambition,2025-07-30
https://www.wsb.com/blog/turning-pain-into-purpose-and-spreading-sunshine-to-others/,Turning Pain Into Purpose And Spreading Sunshine To Others,2025-08-06
https://www.wsb.com/blog/the-power-of-the-unknown-embracing-authenticity-for-true-change/,The Power Of The Unknown Embracing Authenticity For True Change,2025-08-13
https://www.wsb.com/blog/why-sleep-is-your-secret-weapon-for-success/,Why Sleep Is Your Secret Weapon For Success,2025-08-27
https://www.wsb.com/blog/from-atari-to-the-nfl-why-connection-is-the-counterintuitive-secret-to-game-changing-impact/,From Atari To The NFL Why Connection Is The Counterintuitive Secret To Game Changing Impact,2025-12-02
https://www.wsb.com/blog/bracing-for-artificial-intelligence-in-the-absence-of-a-multilateral-mindset/,Bracing For Artificial Intelligence In The Absence Of A Multilateral Mindset,2025-12-02
