url,title
https://www.youtube.com/watch?v=VqINJCqwPYI,"Shankar Vedantam on How to Make Lasting Change"
https://www.youtube.com/watch?v=AQiBJhMXxaY,"Shankar Vedantam: Speaker Reel | Behavioral Science, Change & Organizational Trust"
https://www.youtube.com/watch?v=zk03UzVjmgo,"Brian Deese on AI and the New Era of Energy Demand"
https://www.youtube.com/watch?v=xrBLt66M_pk,"Adm. William McRaven on Leadership Risk: The Bin Laden Decision Explained"
https://www.youtube.com/watch?v=SBV6rOgx2tg,"Shane Battier on How to Turn Behavior into a Culture of Success"
https://www.youtube.com/watch?v=lTF7sFstpts,"Celebrating Black Voices | WSB"
https://www.youtube.com/watch?v=mLtOFJaQkVI,"Walter Isaacson on Steve Jobs' Secret to Creativity"
https://www.youtube.com/watch?v=X1pULq4cYTM,"Stephanie Chung on Her Advice for a Successful Career"
https://www.youtube.com/watch?v=7lA7O68oVmY,"Shane Battier: Speaker Reel"
https://www.youtube.com/watch?v=m6-bXyheCk4,"Luke Williams on How Leaders Can Adapt to Change"
https://www.youtube.com/watch?v=roEMk3zOnRc,"Jill Ellis on Managing Internal and External Pressure"
https://www.youtube.com/watch?v=vDIFLkB3k-U,"Richard Haass on Building Trust With America's Allies"
https://www.youtube.com/watch?v=BsyMxPhNTAM,"Alan Mulally on Collaborative Innovation"
https://www.youtube.com/watch?v=qe-CsUivlZQ,"Theresa May: Speaker Reel"
https://www.youtube.com/watch?v=XzzCToqGFqk,"Rebecca Patterson on Why US National Debt is a Drag on Growth"
https://www.youtube.com/watch?v=jjL4D14P9i4,"Ethan Mollick on Essential Skills to Get Better Results from AI"
https://www.youtube.com/watch?v=TCfPO-OZP1c,"Ezra Klein on Abundance and the Crisis of Building"
https://www.youtube.com/watch?v=oVKVnzS02Pw,"Terry Bradshaw on How to Be a Successful Leader"
https://www.youtube.com/watch?v=4oHsX6ufWGU,"Stephanie Chung on a Leadership Framework to Drive Real Results"
https://www.youtube.com/watch?v=62dSbvnPHYE,"Jennifer Golbeck on How Social Networks Secretly Collect Your Data"
https://www.youtube.com/watch?v=qfxKzVP8HnQ,"Jeh Johnson: Speaker Reel"
https://www.youtube.com/watch?v=IvjtB7hhJ4w,"Gina Raimondo on Why AI Is the Future of US Growth"
https://www.youtube.com/watch?v=3OIKfHQwV5U,"Daniel Pink on the New "ABC's" to Reach Success in Sales"
https://www.youtube.com/watch?v=Fvga0yz-WIQ,"Jerry Linenger on Finding Courage Through Adaptability"
https://www.youtube.com/watch?v=M9uj7vqn3_k,"Stephanie Chung on Turning a Struggling Team into Top Performers"
https://www.youtube.com/watch?v=-vxI75mBtgo,"Paula Faris on How Data Shows Women Make Great Leaders"
https://www.youtube.com/watch?v=PRdWDgew0nI,"Sal Giunta on Standards & Holding Your Team Accountable"
https://www.youtube.com/watch?v=aD36SSZr2Yc,"Michael McFaul on The Real Motivation Behind Putin’s War on Ukraine"
https://www.youtube.com/watch?v=zeSqLJpLQQ4,"Dr. Vivek Murthy: Speaker Reel"
https://www.youtube.com/watch?v=aCRQrjChfjc,"Avril Haines on How Organizations Can Mitigate Geopolitical Risk"
https://www.youtube.com/watch?v=9yz4Uzq3DKs,"Tony Dungy on the Key to Leading Winning Teams"
https://www.youtube.com/watch?v=q45SdbLjvIA,"Rebecca Patterson on the Future of Gold Investments"
https://www.youtube.com/watch?v=gL2TTIm4v9Q,"John Whyte on Building a Successful AI Strategy"
https://www.youtube.com/watch?v=H562xppYzI8,"Mallory Weggemann on Why Purpose is Essential to Drive Motivation"
https://www.youtube.com/watch?v=ZU_D62jLt3A,"Bear Grylls on Going Beyond Your Limits"
https://www.youtube.com/watch?v=eOcjH9GwFTU,"Charles Evans on Using AI to Predict the Economy"
https://www.youtube.com/watch?v=GWN58Hv_3-M,"Christina Romer on a Balanced Strategy to Reduce the Deficit"
https://www.youtube.com/watch?v=A-HObRCLO8w,"Kat Cole on Building an Authentic Executive Presence"
https://www.youtube.com/watch?v=GiVp3g-uAS8,"Jen Easterly: Speaker Reel"
https://www.youtube.com/watch?v=TqX-bxAcw-4,"Jeremy Utley on The Power of Connections"
https://www.youtube.com/watch?v=KNsnw0nv-L8,"Gen. David Petraeus on Turning Intelligence into Leadership Advantage"
https://www.youtube.com/watch?v=7u-Jhi2X7Ns,"Creating Impact: Inspiring Hispanic Voices"
https://www.youtube.com/watch?v=iUwwby5qmH0,"Mallory Weggemann on Building Resilience to Beat the Odds"
https://www.youtube.com/watch?v=idS0db65D7U,"Christina Romer on How Uncertainty Shapes the Economy"
https://www.youtube.com/watch?v=g3oDbyC4Eug,"James Carville on Why Immigration Stays a Top Political Issue"
https://www.youtube.com/watch?v=X7Y_18FuFVQ,"Jen Easterly on Cultivating a Growth Mindset Culture in Mission-Driven Teams"
https://www.youtube.com/watch?v=l6yH0F_d3hE,"Dick Vitale on The Secret to Winning The Game of Life"
https://www.youtube.com/watch?v=4dBYNhFP3hY,"Kyle Carpenter on Demonstrating Resilience on the Road to Recovery"
https://www.youtube.com/watch?v=soWYDb1NVQ4,"Ethan Mollick on The Blind Spots in AI’s Corporate Impact"
https://www.youtube.com/watch?v=-Ld6D78NVLQ,"Jeremy Utley on Unconventional Paths to Breakthroughs"
https://www.youtube.com/watch?v=AHKOW0IaIjc,"Adm. William McRaven on How Today's Global Conflicts Impact Supply Chains"
https://www.youtube.com/watch?v=ABt1IBnZZ_I,"Mike "Coach K" Krzyzewski on Why Giving Teams Ownership Inspires Excellence"
https://www.youtube.com/watch?v=_tPD5sE9D5w,"Mike "Coach K" Krzyzewski on Why Preparation is the Key to Success"
https://www.youtube.com/watch?v=DWzIo2CamvI,"Jennifer Golbeck on How Biases Can Disrupt AI Decision Making"
https://www.youtube.com/watch?v=wMeEE2m2XZc,"Shane Battier on How Good Habits Build Championship Teams"
https://www.youtube.com/watch?v=HrPvpqv41m0,"Jen Easterly on Using Resilience to Prepare Against Chinese Cyber Threats"
https://www.youtube.com/watch?v=V_kyhEtCqa0,"Jeremy Utley on Idea Flow: Where Do Breakthroughs Come From?"
https://www.youtube.com/watch?v=Y2JiTDpOGWI,"Mike "Coach K" Krzyzewski on Developing High Performance Teams on and off the Court"
https://www.youtube.com/watch?v=pqAoGSBix0M,"Nikki Haley: Speaker Reel"
https://www.youtube.com/watch?v=K5byrvio1bE,"Kat Cole on How to Keep Teams Motivated in a Competitive Environment"
https://www.youtube.com/watch?v=BSp46zUW-PA,"Adm. James Stavridis on What Makes Him Hopeful About America’s Future"
https://www.youtube.com/watch?v=6aQ_54kGerM,"Dr. Ashwin Vasan on How Employers Can Improve Workplace Mental Health"
https://www.youtube.com/watch?v=R2tpmMvSBEE,"Ethan Mollick on The Strategic Role of Leaders in AI Transformation"
https://www.youtube.com/watch?v=EwuwRbWm9XQ,"Adam Grant on How to Think Like a Scientist: A Proven Method to Make Better Decisions"
https://www.youtube.com/watch?v=alv4vakPflA,"Jeremy Utley on The Power of Productive Procrastination"
https://www.youtube.com/watch?v=eDVm_7tI59U,"Adm. William McRaven on Why Leaders Need to Prove Themselves Every Day"
https://www.youtube.com/watch?v=2BcLq2wkgO8,"Alexi Pappas on a Method to Help Leaders Drive Meaningful Change"
https://www.youtube.com/watch?v=YnH5UM4OlCU,"Lisa Genova on How Emotion Fuels Lasting Memories"
https://www.youtube.com/watch?v=pIXHC0DxHRI,"Adm. James Stavridis on The Cost of Retreating From Global Leadership"
https://www.youtube.com/watch?v=JDjG4POIWC8,"Anthony Robles on Never Letting A Challenge Be An Excuse"
https://www.youtube.com/watch?v=95MT6LCsk7c,"Alexi Pappas on Work. Assess. Adapt: A Framework for Leadership Development and Business Growth"
https://www.youtube.com/watch?v=qR6HaMbdUMA,"Jeremy Utley on Investing Time to Get Optimal Results from AI"
https://www.youtube.com/watch?v=Fx7JZ5BKKbs,"Horst Schulze on Defining a Vision to Achieve Success"
https://www.youtube.com/watch?v=_IesPhiwJ2c,"Kat Cole on Three Steps to Drive Growth & Influence"
https://www.youtube.com/watch?v=PLcbx0EA1hA,"Adam Grant on How Generative AI Will Impact Creativity Within Organizations"
https://www.youtube.com/watch?v=XXoyM6g17NE,"Alexi Pappas on the Power of Leading with Intention and Reflection"
https://www.youtube.com/watch?v=NTGNYoq2QlU,"Lisa Genova on Why Better Memory Starts with Paying Attention"
https://www.youtube.com/watch?v=1X6YJi17Swo,"Ethan Mollick on Using AI to Accelerate Your Productivity At Work"
https://www.youtube.com/watch?v=sYdLhUtFxK8,"Alexi Pappas on Tying Your Goals to a Larger Vision for Purpose and Growth"
https://www.youtube.com/watch?v=jjbVeFyjuxU,"Jeremy Utley on How to Build an AI Culture to Lead for the Future"
https://www.youtube.com/watch?v=SgtLG88QW94,"Alexi Pappas on Turning Fear into Fuel for Growth and Performance"
https://www.youtube.com/watch?v=OqvT_jahUYM,"Adam Grant on How Pixar’s Riskiest Team Made Its Greatest Hit"
https://www.youtube.com/watch?v=hg5g4ws9K4A,"Ozan Varol on Why Great Ideas Always Start as Unreasonable Ideas"
https://www.youtube.com/watch?v=NiwnmqddYKA,"Alexi Pappas on Why Resilience Starts with the Basics: A High-Performance Habit Reset"
https://www.youtube.com/watch?v=oR-CFzwUEQo,"Stephanie Chung on Building Trust with Conversational Intelligence"
https://www.youtube.com/watch?v=wFZfwpeVhTk,"Jeremy Utley on The Best Way To Work With AI"
https://www.youtube.com/watch?v=La7_SbCHORM,"Bob and Lee Woodruff on Supporting Loved Ones Through Trauma"
https://www.youtube.com/watch?v=T7Q0Z8W9bSk,"Dr. Vivek Murthy on How Leaders Can Overcome Loneliness in the Workplace"
https://www.youtube.com/watch?v=B0hOk1kHYkc,"Alexi Pappas on Three Steps Great Leaders Take to Align Teams and Drive Growth"
https://www.youtube.com/watch?v=jDtcqMHbbXk,"Ozan Varol on Why Uncertainty is Necessary to Achieve Innovation Breakthroughs"
https://www.youtube.com/watch?v=WXK7Fg1uXks,"Stephanie Chung on Turning Customer Connections into Business Growth"
https://www.youtube.com/watch?v=riRBhvoD9lc,"Daniel Pink on Why Saying No Makes You More Productive | Work Smarter, Live Better"
https://www.youtube.com/watch?v=ifZVRQJIPLE,"Alexi Pappas on the Rule of Thirds: An Olympian's Proven Method for Achieving Your Goals"
https://www.youtube.com/watch?v=Q9wNrJPUUeM,"Sec. Lloyd Austin: Speaker Reel"
https://www.youtube.com/watch?v=lfRHiYF7gKg,"Paula Faris: Speaker Reel"
https://www.youtube.com/watch?v=KLl-ee514sA,"Platon on the Story Behind Photographing Vladimir Putin"
https://www.youtube.com/watch?v=ijqDNJMDBSo,"Nicholas Burns on the Threat of China's Military Buildup"
https://www.youtube.com/watch?v=qLK9D8wxTFg,"John Kirby on Lessons Learned from Crafting Communications in Global Crises"
https://www.youtube.com/watch?v=i7Emrg1jllc,"Karen Lynch on the Responsible Use of AI in Healthcare"
https://www.youtube.com/watch?v=HdEXrILOzaQ,"Stephanie Chung: Speaker Reel"
https://www.youtube.com/watch?v=JNysvbqT51o,"Nicholas Burns on China's Growing Global Influence"
https://www.youtube.com/watch?v=pew0lKgY6FQ,"John Kirby on How to Combat Disinformation"
https://www.youtube.com/watch?v=qF93IyBF73w,"Jeremy Utley on Where to Start with AI"
https://www.youtube.com/watch?v=kCk_kHFrLNw,"Stephanie Chung on Ally Leadership"
https://www.youtube.com/watch?v=SMO7DBzDDOg,"Omar Minaya on How Failure Leads to Success"
https://www.youtube.com/watch?v=Cu_igDAxImg,"Karen Lynch on Leading Business Transformation with Technology"
https://www.youtube.com/watch?v=4RQQpkmhE0M,"Jeremy Utley: Speaker Reel"
https://www.youtube.com/watch?v=1yMzUKe7V8I,"Mike "Coach K" Krzyzewski on Why a Value-Based Culture Lasts Forever"
https://www.youtube.com/watch?v=nkJnK4rLQBA,"John Kirby on Storytelling as a CNN Analyst"
https://www.youtube.com/watch?v=sOKdtLW6yo0,"George Stephanopoulos: An Inside Look at the Evolution of the White House Situation Room"
https://www.youtube.com/watch?v=uAjo5YwdKyE,"Sophia Bush on Asking for What You're Worth: A Strategy for Empowering Women in Business"
https://www.youtube.com/watch?v=BfMuuh12XEA,"Sal Giunta on Embracing the Medal of Honor to Inspire Others"
https://www.youtube.com/watch?v=J2pp00WyxOU,"Mark McClellan: Using Alternate Payment Systems to Drive Healthcare Accountability"
https://www.youtube.com/watch?v=P711k4Ldx2g,"Adam Grant on How to Reveal Hidden Potential & Unlock Organizational Excellence"
https://www.youtube.com/watch?v=jRBSax3PWZo,"Lisa Genova on Why Getting Enough Sleep is Critical to Memory Health"
https://www.youtube.com/watch?v=LsDfsdz5ojc,"Gina Raimondo: Speaker Reel"
https://www.youtube.com/watch?v=hvy5GeqtyAY,"David Cameron: India's Key Role in a Global Economic Reset"
https://www.youtube.com/watch?v=CCCnoZTp-7U,"Ethan Mollick: How Educational Institutions Can Harness the Power of AI | WSB"
https://www.youtube.com/watch?v=hQZLCFffBIU,"Anthony Robles on Finding Motivation Through Overcoming Adversity"
https://www.youtube.com/watch?v=hZxpKLoVZqA,"Nicholas Burns on the West's Response to China's Aggressive Expansion"
https://www.youtube.com/watch?v=EM5OxbL2SM0,"Dr. Daniel L. Shapiro on How to Navigate Conflict And Drive Growth for Healthcare Professionals"
https://www.youtube.com/watch?v=EVKH3yyBJCQ,"Komal Ahmad on Building A Partnership Network to Help Solve World Hunger"
https://www.youtube.com/watch?v=6AOiVdTJPzo,"Horst Schulze on Winning Over Customers by Exceeding Expectations"
https://www.youtube.com/watch?v=uy30kGARXpk,"Shane Battier on Transformational Leadership | WSB"
https://www.youtube.com/watch?v=DNnToJOZ8SM,"Michele Thornton Ghee on Perfecting a Moneymaking Mindset to Reach Success & Uplift Your Community"
https://www.youtube.com/watch?v=ixtoGQTif_w,"Ezra Klein: How Focus Testing & Clickbait Headlines are Polarizing Audiences"
https://www.youtube.com/watch?v=HqiamKFlZPw,"David Cameron: Helping Ukraine by Leveraging an Economic Advantage Over Russia"
https://www.youtube.com/watch?v=nT4jbcvbQ5U,"Rishi Sunak: Speaker Reel"
https://www.youtube.com/watch?v=qzfcKhCMyaw,"Dr. Daniel L. Shapiro on Transformational Communication: The Secret Language of Connection"
https://www.youtube.com/watch?v=H-Pjmlwu52o,"David Cameron: Speaker Reel"
https://www.youtube.com/watch?v=oK-up4Or4SY,"Unstoppable  - Official Trailer | Prime Video"
https://www.youtube.com/watch?v=KeMDUOsCdw4,"Chris Christie on Ending Judgment in the U.S. | WSB"
https://www.youtube.com/watch?v=rvbedp4VA50,"Sophia Bush on Leading with Purpose: From Hollywood to Global Advocacy"
https://www.youtube.com/watch?v=v3zHCzpoRuQ,"Successful Sales Negotiation Techniques to Close More Deals with Dr. Daniel L. Shapiro"
https://www.youtube.com/watch?v=6nwoWIrJDsI,"Asa Hutchinson on His Experience Leading a Divided Government"
https://www.youtube.com/watch?v=7x6FZhx8sZk,"Dr. Daniel L. Shapiro — Unlock Hypergrowth: Tactics That Build Relationships for Long Term Success"
https://www.youtube.com/watch?v=7tz3qJMbo0M,"Ezra Klein: How Social Media Creates Polarization by Changing Our Identities"
https://www.youtube.com/watch?v=Z2N9UcX7nCY,"Dr. Daniel L. Shapiro: Generate Organizational Growth by Embracing Conflict"
https://www.youtube.com/watch?v=qTJ5rDXr79s,"Justin Berg on Keeping Score: How Tracking Progress Fuels Success"
https://www.youtube.com/watch?v=nhHkHhVeH6k,"Dr. Daniel L. Shapiro on Unlocking a Sales Mindset: How To Build Relationships"
https://www.youtube.com/watch?v=-aTdTeh7ICg,"Sophia Bush on Investing in the Women’s Economy: Bridging Gender Gaps"
https://www.youtube.com/watch?v=FPqC5QiQiPU,"Dr. Daniel L. Shapiro on The Art of Negotiation: Achieving Win-Win Outcomes in Business Deals"
https://www.youtube.com/watch?v=8dMSnbGxofw,"Sophia Bush on Establishing a Healthy Work-Life Balance"
https://www.youtube.com/watch?v=-0JoD4-MA5E,"Dr. Daniel L. Shapiro on Persuasive Communication: The Proven Formula to Influence & Inspire Others"
https://www.youtube.com/watch?v=Peu7QI2OLV4,"Tony Dungy on Why Great Leaders Need to Build Trust to Engage Their Teams"
https://www.youtube.com/watch?v=LdE5QUserow,"Gen. Keith Alexander on How AI Will Revolutionize the Military and Cybersecurity"
https://www.youtube.com/watch?v=t5VezLldi0A,"Ron Rivera on Creating a High-Performance Culture: Ensuring Buy-In and Driving Team Growth"
https://www.youtube.com/watch?v=XOFyqxIjz4Q,"Lisa Genova on Using Context Cues to Improve Your Memory"
https://www.youtube.com/watch?v=dMk2NfcyBzs,"Justin Berg on How Supportive Cultures Drive Innovation"
https://www.youtube.com/watch?v=ha5g9gKfs6k,"John Heilemann on Why the Polls Show the 2024 Election May Be Close"
https://www.youtube.com/watch?v=WlfmkNt2I_c,"Claire McCaskill on the Early Voting Outlook in the 2024 Election"
https://www.youtube.com/watch?v=OoYQW_Y-osY,"Ron Rivera on Unlocking Hyper-Growth: How Attitude, Preparation, and Effort Drive Success"
https://www.youtube.com/watch?v=7g2P-EuwSRo,"Kyle Carpenter on How to Overcome Life's Greatest Challenges with Resilience"
https://www.youtube.com/watch?v=G30JMxwG1OY,"Lt Col. Dan Rooney on Learning to Trust Your Instincts to Elevate Your Talents"
https://www.youtube.com/watch?v=FCP6Czy6ZEg,"Justin Berg on Unlocking Peak Performance with Job Crafting: A Framework to Optimize Your Role"
https://www.youtube.com/watch?v=_bl25WcKE4E,"Ron Rivera's Leadership Reflections: Insights for Enhancing Individual and Team Success"
https://www.youtube.com/watch?v=qm-HVTXtD1w,"Adm. William McRaven: Learn to Make Your Bed to Build Foundational Skills & Achieve Success"
https://www.youtube.com/watch?v=dL4dpgAZIoM,"Mike "Coach K" Krzyzewski: How to Motivate Top Talent & Develop Winning Teams"
https://www.youtube.com/watch?v=kcO4a7QnTtI,"John Kerry: Exclusive Speaker Reel | WSB"
https://www.youtube.com/watch?v=Vcv6SAihebk,"Justin Berg on Bottom-Up Innovation: A Strategic Approach to Evaluating Winning Ideas"
https://www.youtube.com/watch?v=uLvAgRXQ9JE,"Ron Rivera on Leadership Excellence: Key Lessons from Coaches that Drove Super Bowl Success"
https://www.youtube.com/watch?v=0H95ZqyZ1BM,"Walter Isaacson on Why Innovation Requires Supporting Risk-Takers and Accepting Failure"
https://www.youtube.com/watch?v=j-t4nCkEteE,"Justin Berg on Leveraging Peer Insights to Accurately Predict Successful Ideas"
https://www.youtube.com/watch?v=YSTDd2LI_hI,"Ron Rivera on Overcoming Obstacles to Achieve Success"
https://www.youtube.com/watch?v=Yw91sKZkwlM,"Justin Berg on Mastering Innovation in the Age of A.I. with Creative Forecasting"
https://www.youtube.com/watch?v=7heh8h-wTXM,"Adam Grant on Modeling Resilience: Why Leaders Should Prioritize Mental Wellness in the Workplace"
https://www.youtube.com/watch?v=xkiQUcRtztU,"Ron Rivera on Unlocking Potential: Cultivating Talent and Empowering Teams"
https://www.youtube.com/watch?v=HiCKAZy6VvI,"Justin Berg on Creating a Culture of Sustainable Innovation"
https://www.youtube.com/watch?v=nP2QpdCWVSc,"Justin Berg on Predicting the Success of New Ideas: Proven Strategies for Driving Innovation"
https://www.youtube.com/watch?v=w7vAqRIIqkA,"Tara VanDerveer: How to be an All-Star Teammate | WSB"
https://www.youtube.com/watch?v=pD4urfJZcOc,"Ron Rivera on Building Winning Team Cultures: Leadership Secrets from Sports Legends"
https://www.youtube.com/watch?v=QaosfPoPHvc,"Ron Rivera on the Keys to Visionary Leadership: Building a Thriving Culture and Driving Success"
https://www.youtube.com/watch?v=_5HPAj8R9v0,"Tara Vanderveer on Elevating Your Team: What it Means to Be a Great Teammate | WSB"
https://www.youtube.com/watch?v=nhxU6ooLj2M,"Tara VanDerveer on the Fundamentals of Championship Leadership | WSB"
https://www.youtube.com/watch?v=qmMWT7ndfdQ,"David Axelrod: How Obama Demonstrated the Way Leaders Should Handle Setbacks | WSB"
https://www.youtube.com/watch?v=6YOYXM1Mnig,"John Kerry on America's Relationship with Ukraine | WSB"
https://www.youtube.com/watch?v=6D9mHwnpXjg,"Kevin Carroll on Maintaining Your Energy to Stay Productive"
https://www.youtube.com/watch?v=zhq78DSmwBM,"Shane Battier On His Analytic Approach to Success | WSB"
https://www.youtube.com/watch?v=VgB249r_Qks,"John Kerry: Participation is the Best Antidote to Pessimism | WSB"
https://www.youtube.com/watch?v=7E2xPFVLyIU,"Kevin Carroll on How Play Can Transform Your Business"
https://www.youtube.com/watch?v=LBM4_u65g1A,"Josh Linkner Keynote Preview: Big Little Breakthroughs | WSB"
https://www.youtube.com/watch?v=25Ms285E4h8,"Chris Christie on John Adams' America | WSB"
https://www.youtube.com/watch?v=l6tEtQ40vXE,"John Kerry on the Complexities of the Conflict in Gaza | WSB"
https://www.youtube.com/watch?v=R_7J28VRo4g,"John Kerry: Clean Energy is an Economic Opportunity | WSB"
https://www.youtube.com/watch?v=9W168jHyEX4,"Josh Linkner Keynote Preview: Find a Way | WSB"
https://www.youtube.com/watch?v=O-2XmATsyoc,"Ethan Mollick: How Consulting Firms Can Harness the Power of AI | WSB"
https://www.youtube.com/watch?v=pIiKKekAaTo,"Chris Christie on Finding Common Ground | WSB"
https://www.youtube.com/watch?v=Rdv8VWJLYg4,"Josh Linkner Keynote Preview: The Innovative Leader | WSB"
https://www.youtube.com/watch?v=SQXwteJv7l8,"Shane Battier: Process Leads to Results | WSB"
https://www.youtube.com/watch?v=c_o6FYvE_1A,"Chris Christie on How Differences Make America Strong | WSB"
https://www.youtube.com/watch?v=5qBW2HVStWA,"Shane Battier: How to Face Any Crisis | WSB"
https://www.youtube.com/watch?v=6DtPVASB6U4,"Chris Christie: Speaker Reel | WSB"
https://www.youtube.com/watch?v=EddmXOM8SSU,"Ethan Mollick: How AI Will Transform Business in the Tech Industry | WSB"
https://www.youtube.com/watch?v=AspzOpmOIZg,"Cassidy Hutchinson on Having Empathy in Civil Discourse | WSB"
https://www.youtube.com/watch?v=DBdhgvk7DHA,"Motivational Speakers: Inspiration & Empowerment | WSB"
https://www.youtube.com/watch?v=i8l9RWDJQHk,"Cassidy Hutchinson on Making Connections to Inspire Accountability | WSB"
https://www.youtube.com/watch?v=NxW7dIvl7vU,"Josh Linkner Keynote Preview: Disciplined Dreaming | WSB"
https://www.youtube.com/watch?v=976of9zQLqA,"Cassidy Hutchinson: The Power of Self-Reflection | WSB"
https://www.youtube.com/watch?v=mm7uqV6-zhk,"Buster Posey: Why You Should Embrace Failure | WSB"
https://www.youtube.com/watch?v=dosragrEsT8,"Josh Linkner on Discovering The Oddball Approach | WSB"
https://www.youtube.com/watch?v=AFmybT5pVVU,"Buster Posey: The Power of Mindset | WSB"
https://www.youtube.com/watch?v=GSsjRwLy0NM,"Josh Linkner Keynote Preview: Rethink. Reboot. Reinvent. | WSB"
https://www.youtube.com/watch?v=FO5rpuo98H4,"Buster Posey on Working Towards a Common Goal | WSB"
https://www.youtube.com/watch?v=63qpCa_K3vI,"Buster Posey: Why Relationships Matter | WSB"
https://www.youtube.com/watch?v=XjeeboWJDkA,"Book Top Keynote Speakers | WSB"
https://www.youtube.com/watch?v=NEhDsWkatCk,"Roger Ferguson: Fortitude is a Double-Edged Sword | WSB"
https://www.youtube.com/watch?v=tUiuZfStD5w,"Daniel Pink: Learn from Regret and Be Bold in Your Career | WSB"
https://www.youtube.com/watch?v=Y7G-JBWEUB8,"Ethan Mollick: AI for Financial Services | WSB"
https://www.youtube.com/watch?v=tYIjrkaY-2Y,"Jay Bilas: The Importance of Focused Progress | WSB"
https://www.youtube.com/watch?v=S5A9HUDS5fk,"Bear Grylls: The Secret to Building Great Teams | WSB"
https://www.youtube.com/watch?v=YMAOWDCftT0,"Daniel Pink: How Regret Makes Us Better | WSB"
https://www.youtube.com/watch?v=4wcMt7tg-oA,"Jay Bilas: Coach K’s Lesson on Preparedness | WSB"
https://www.youtube.com/watch?v=opcUwnlamvo,"Bear Grylls on the Power of Resilience | WSB"
https://www.youtube.com/watch?v=OzmxG9vzbT0,"Jay Bilas: Leadership & Team Building Expert | WSB"
https://www.youtube.com/watch?v=ogCZy0zAI4Y,"Roger Ferguson: Organizations Have to Embrace Change | WSB"
https://www.youtube.com/watch?v=deISL6lKSyE,"Josh Linkner's Business Lessons from Jazz: Thriving in the NEW Era"
https://www.youtube.com/watch?v=mrlmaPHu-LA,"Ethan Mollick: How to Use A.I. to Work Like a Cyborg | WSB"
https://www.youtube.com/watch?v=hYsEMpraBYo,"Josh Linkner:  Business & Innovation Expert | WSB"
https://www.youtube.com/watch?v=xBs6unuXN8k,"2024 Presidential Election Analysis with Michelle Caruso-Cabrera | WSB"
https://www.youtube.com/watch?v=D8ObsIzCQ5k,"Ethan Mollick on How AI is Going to Shape the Future of Work"
https://www.youtube.com/watch?v=XjwOAIw01Ug,"Jennifer Aaker on Why Having a Sense of Humor Makes Leaders More Effective"
https://www.youtube.com/watch?v=3cE3VH1USx4,"Paula Faris Reveals Gen Z's Surprising Workplace Priorities | WSB"
https://www.youtube.com/watch?v=yyd9JhMCatA,"Walter Isaacson: Elon Musk's Leadership Style | WSB"
https://www.youtube.com/watch?v=UizL3QoSlCQ,"Amy Cuddy: How to Build Trust and Influence as a Leader | WSB"
https://www.youtube.com/watch?v=E7fNHsACEbA,"Adm. William McRaven: The Importance of Building Strong Relationships"
https://www.youtube.com/watch?v=drxkCcg6eqs,"Walter Isaacson: An Inside Look at Elon Musk's Decision to Buy Twitter | WSB"
https://www.youtube.com/watch?v=FG6tSNRwI98,"Geopolitical Speakers | WSB"
https://www.youtube.com/watch?v=XlHDS1x9Kd0,"Kat Cole: How to Turn Failure into Success | WSB"
https://www.youtube.com/watch?v=L6zqVxU2CPg,"Walter Isaacson: Lessons Learned from the Great Innovators | WSB"
https://www.youtube.com/watch?v=8zF9vD69Of8,"Walter Isaacson: Elon Musk on the Next Generation of AI | WSB"
https://www.youtube.com/watch?v=zrqnG36CBsU,"Walter Isaacson on Living with a Genius: The Inside Story of Elon Musk | WSB"
https://www.youtube.com/watch?v=9sLvpQvb6Ec,"Platon: The Power of Shared Experience | WSB"
https://www.youtube.com/watch?v=735B2SSznS4,"Mallory Weggemann: The Importance of Supportive Leadership | WSB"
https://www.youtube.com/watch?v=os4ukYsdcLE,"Adm. William McRaven: Why Solving Little Problems Can Lead to Big Successes"
https://www.youtube.com/watch?v=IlignDCo80M,"Kat Cole: The Three A's of Being Unstoppable | WSB"
https://www.youtube.com/watch?v=s4KiNqEFX9w,"Ethan Mollick: An Introduction to the Power of AI | WSB"
https://www.youtube.com/watch?v=ru45q82yN5g,"John Whyte, M.D.: Misalignment of Values on Healthcare Innovation | WSB"
https://www.youtube.com/watch?v=X9NVP3KbP1s,"John Whyte, M.D.: Our Changing Understanding of Healthcare Innovation | WSB"
https://www.youtube.com/watch?v=G343mRYO7AM,"John Whyte, M.D.: Connecting Search Information to Patient Care | WSB"
https://www.youtube.com/watch?v=Nh2ZkHgkzHU,"John Whyte, M.D.: Using Daily Data for Better Outcomes | WSB"
https://www.youtube.com/watch?v=NJbB1xZeXy8,"Brandon Steiner: Keynote Speaker Reel | WSB"
https://www.youtube.com/watch?v=Vjo4vGVY0f8,"John Whyte, M.D.: The Importance of Patient-Driven Healthcare | WSB"
https://www.youtube.com/watch?v=iVLohRuplrA,"John Whyte, M.D.: Avoiding Misinformation About Your Health | WSB"
https://www.youtube.com/watch?v=A3oolm9NOq4,"John Whyte, M.D.: Navigating Healthcare & Empowering Patients in the Age of AI | WSB"
https://www.youtube.com/watch?v=XVsQjBMTzkQ,"Ozan Varol: Keynote Speaker Reel 2023"
https://www.youtube.com/watch?v=9aM_7VNfMYA,"James Stavridis: Why Putin Wants Ukraine | WSB"
https://www.youtube.com/watch?v=8NQm4ZjSeIU,"Jennifer Golbeck: Artificial Intelligence and the Future of Healthcare for Leadership Teams | WSB"
https://www.youtube.com/watch?v=YWPDcbhH48U,"Jennifer Golbeck: Artificial Intelligence, Connectedness, and Readying for the Big Data Future | WSB"
https://www.youtube.com/watch?v=j-y4YLVi2VE,"Jennifer Golbeck: Building Trust Between Humans and AI to Supercharge Your Business | WSB"
https://www.youtube.com/watch?v=F64_0l9pfHw,"Robert Wolf's Career Journey | WSB"
https://www.youtube.com/watch?v=i_OJEuVNmBM,"Liz Cheney: Exclusive Speaker Reel | WSB"
https://www.youtube.com/watch?v=6JjHiEM1xYk,"Paula Faris: Exclusive Speaker Reel | WSB"
https://www.youtube.com/watch?v=S2MMClrMMK0,"Paula Faris: Moderator Reel | WSB"
https://www.youtube.com/watch?v=H2tZox7whgE,"Robert Wolf: The US Response to the Bank Crisis vs the World's | WSB"
https://www.youtube.com/watch?v=6ozV4ty9ac4,"Robert Wolf on The Fed's Decisions on Interest Rates | WSB"
https://www.youtube.com/watch?v=20qwUmACB1c,"Robert Wolf: Parallels With the 2008 Financial Crisis | WSB"
https://www.youtube.com/watch?v=pvOtK7L78t8,"Kat Cole's "Hot Shot Rule" | WSB"
https://www.youtube.com/watch?v=Me7Kg8gS24E,"Robert Wolf: Cryptocurrency Outlook | WSB"
https://www.youtube.com/watch?v=5m5Hl1cmYnc,"Robert Wolf: 2024 Election Outlook | WSB"
https://www.youtube.com/watch?v=LhbCPsqhsro,"Kat Cole: How to Build Grit in Your Workforce | WSB"
https://www.youtube.com/watch?v=Kt42J5-ZYpQ,"Robert Wolf: 6 Month Economic Forecast | WSB"
https://www.youtube.com/watch?v=Nz6yvDwhKNM,"Robert Wolf: Could Other Banks Share Credit Suisse's Fate? | WSB"
https://www.youtube.com/watch?v=0vQRYP_Wzhw,"Theresa May on the Sustainability of Climate Change Action | WSB"
https://www.youtube.com/watch?v=q3alaPV1Mmk,"Robert Wolf: Why Silicon Valley Bank Failed and What's Next | WSB"
https://www.youtube.com/watch?v=ObrLPNCZPE0,"Theresa May on the Defense of Democracy | WSB"
https://www.youtube.com/watch?v=nC9xzRg0Hcc,"Theresa May on Technology's Impact on the Rise of Nationalism | WSB"
https://www.youtube.com/watch?v=PAGERxc9Er0,"Kat Cole: What is Your "Water"? | WSB"
https://www.youtube.com/watch?v=dMeGEjTbTxc,"Kat Cole: Redefining Failure to Drive Innovation | WSB"
https://www.youtube.com/watch?v=yy69PAWpEG0,"Ozan Varol: Moonshot Speaker Reel | WSB"
https://www.youtube.com/watch?v=R0WQBfOO6zw,"James Stavridis: Is NATO Still Relevant? | WSB"
https://www.youtube.com/watch?v=MFR0Wh5s6j8,"Jill Ellis: How to Know When to Move on to the Next Opportunity | WSB"
https://www.youtube.com/watch?v=OiwRcvy36_A,"Bill George: Focus on Employee Wellbeing | WSB"
https://www.youtube.com/watch?v=99-k6x3NqwY,"Rebecca Patterson: Exclusive Speaker Reel | WSB"
https://www.youtube.com/watch?v=b2hqmz0xGaw,"Kat Cole: Tips for Managing Remote Work | WSB"
https://www.youtube.com/watch?v=_gN0unxhRGw,"Jill Ellis: How to Handle Pressure | WSB"
https://www.youtube.com/watch?v=dF-UAjTGBKY,"Powerful Black Voices | WSB"
https://www.youtube.com/watch?v=1IAB2eeyxBw,"Stephanie Chung: Exclusive Speaker Reel | WSB"
https://www.youtube.com/watch?v=Q9P9UZXLk5k,"George Blankenship on Product Innovation | WSB"
https://www.youtube.com/watch?v=zQeHH_b0bKI,"Arianna Huffington: The Key to a Life of Joy and Thriving | WSB"
https://www.youtube.com/watch?v=aMKIfBsfzaI,"Harvard Business School Professor Bill George with Gary Heil | Leadership Lessons From The Fast Lane"
https://www.youtube.com/watch?v=fcWPiUicIJ8,"Kat Cole: How to Be a Better Modern Leader | WSB"
https://www.youtube.com/watch?v=cmxV3q1OTuQ,"George Blankenship: Innovating the Customer Experience Through Tech | WSB"
https://www.youtube.com/watch?v=2-wmR75RQYM,"Management Expert Tom Peters with Gary Heil | Leadership Lessons From The Fastlane"
https://www.youtube.com/watch?v=tqx7RP_YPP4,"Coach K Teaches Values-Driven Leadership | Official Trailer | MasterClass"
https://www.youtube.com/watch?v=pr3ZUGdM5iI,"Arianna Huffington: What Are Mental Health Resets and Why Are They Important? | WSB"
https://www.youtube.com/watch?v=kMokxK1npaI,"Geopolitical Speakers | WSB"
https://www.youtube.com/watch?v=7mtxl46KGHw,"Bill George on Frontline Leadership | WSB"
https://www.youtube.com/watch?v=U9jwO8omlzE,"Employee Engagement Speakers | WSB"
https://www.youtube.com/watch?v=uQ7Te924CjU,"Former Rocket Scientist Ozan Varol with Gary Heil | Leadership Lessons From The Fast Lane"
https://www.youtube.com/watch?v=lPjzeRPB7zI,"Bill George: Relationships are Paramount for Sales Management | WSB"
https://www.youtube.com/watch?v=ORZgtTcA8LA,"Marilyn Gist & Alan Mulally with Gary Heil | Leadership Lessons From The Fastlane"
https://www.youtube.com/watch?v=SS5WfXXq2ns,"Mike "Coach K" Krzyzewski with Gary Heil | Leadership Lessons From The Fast Lane"
https://www.youtube.com/watch?v=CmbGpWUXf00,"Washington Commanders Head Coach Ron Rivera with Gary Heil | Leadership Lessons From The Fastlane"
https://www.youtube.com/watch?v=cbpLOm53_8Y,"Bestselling Author Daniel Pink with Gary Heil | Leadership Lessons From The Fastlane"
https://www.youtube.com/watch?v=P8aNq_ViKkI,"Jennifer Moss: 3 Tips for Avoiding Burnout | WSB"
https://www.youtube.com/watch?v=PQ1I1zb9WeQ,"Taco Bell CEO Mark King with Gary Heil | Leadership Lessons From The Fastlane"
https://www.youtube.com/watch?v=7S-NoAOwB3Y,"Interactive & Entertainment Speakers | Washington Speakers Bureau"
https://www.youtube.com/watch?v=JY9jNl8_nao,"Jim Carroll: Adapting to Accelerating Change"
https://www.youtube.com/watch?v=2xZGNdgXRrc,"Dr. John Whyte Speaking Reel – Washington Speakers Bureau"
https://www.youtube.com/watch?v=Y4J2m1GXxYk,"Ozan Varol: Are You at the Forefront of Change? – Washington Speakers Bureau"
https://www.youtube.com/watch?v=TX1kdxry0Yk,"Kat Cole on the "Hot Shot Rule" – Washington Speakers Bureau"
https://www.youtube.com/watch?v=-MMULx4cVrI,"Mark King on Leading the Next Generation – Washington Speakers Bureau"
https://www.youtube.com/watch?v=-0TYeVx4hVI,"Managing Transitions with Gary Heil – Washington Speakers Bureau"
https://www.youtube.com/watch?v=cy0EduwHut4,"Kat Cole: What is Our "Water"? – Washington Speakers Bureau"
https://www.youtube.com/watch?v=0C5SsdAPeRA,"Mark King on Embracing Disruption to Drive Success – Washington Speakers Bureau"
https://www.youtube.com/watch?v=Yf5aHpMWDbE,"Gary Heil on Changing Yourself to Face the Future – Washington Speakers Bureau"
https://www.youtube.com/watch?v=zBClfa9Uisw,"How Ozan’s Audiences are Applying Moonshot Thinking – Washington Speakers Bureau"
https://www.youtube.com/watch?v=KslXSX_5el4,"Gary Heil on How Your Environment Influences Your Behavior – Washington Speakers Bureau"
https://www.youtube.com/watch?v=ASBOj8cp63g,"Bob Iger Teaches Business Strategy and Leadership | Official Trailer | MasterClass"
https://www.youtube.com/watch?v=Dkxm_O1Y3KU,"Ozan Varol: Flying in the Face of Uncertainty – Washington Speakers Bureau"
https://www.youtube.com/watch?v=bfhJ5ouQQOA,"Ozan Varol: Strategy vs. Tactics – Washington Speakers Bureau"
https://www.youtube.com/watch?v=fpUlAqKx9CE,"John Register on How to Be Your Full Authentic Self - Washington Speakers Bureau"
https://www.youtube.com/watch?v=b-dWrdxotcM,"John Register Hybrid Speaking Reel 2022 – Washington Speakers Bureau"
https://www.youtube.com/watch?v=uRlOeim6u_Y,"Ideas from the World’s Leading Speakers | Washington Speakers Bureau"
https://www.youtube.com/watch?v=keieFSqL2M4,"Ron Rivera: Exclusive Speaker Reel | WSB"
https://www.youtube.com/watch?v=QTgv2IeHqqY,"Coach K: Speaker Reel | WSB"
https://www.youtube.com/watch?v=ffDolqYzxiU,"Powerful Women Speakers – Washington Speakers Bureau"
https://www.youtube.com/watch?v=iQSjzvKq4YY,"Daniel Pink on The Power of Regret for Healthcare Workers – Washington Speakers Bureau"
https://www.youtube.com/watch?v=ZOAs8C6ALog,"Kathy Varol on Harnessing Diversity To Create An Innovative Culture - Washington Speakers Bureau"
https://www.youtube.com/watch?v=fbl2yOWpoLA,"Kathy Varol on Driving Profit With Purpose to Become Remarkable - Washington Speakers Bureau"
https://www.youtube.com/watch?v=IgK98BVkpEY,"Kathy Varol on Creating Effective ESG Strategy From Zero To Execution - Washington Speakers Bureau"
https://www.youtube.com/watch?v=qpb25DpbpCk,"Kathy Varol on Unlocking Results By Nurturing Purpose, People & Culture - Washington Speakers Bureau"
https://www.youtube.com/watch?v=bJFtw7_Rq5Q,"Daniel Pink on The Power of Regret for College Students – Washington Speakers Bureau"
https://www.youtube.com/watch?v=CqrtpA4tyDg,"Daniel Pink on The Power of Regret for the Financial Industry – Washington Speakers Bureau"
https://www.youtube.com/watch?v=JqAsINfZEm0,"Shane Battier & Adam Grant Keynote Conversation: People Analytics Conference at Wharton (2015)"
https://www.youtube.com/watch?v=Q4BrPN3Z3Vk,"Daniel Pink on The Power of Regret to Lead a Better Life – Washington Speakers Bureau"
https://www.youtube.com/watch?v=lQQUm9mjpiI,"Daniel Pink on The Power of Regret on Corporate Culture – Washington Speakers Bureau"
https://www.youtube.com/watch?v=xA6xfyhhc-8,"Gary Heil on Mindfulness - Washington Speakers Bureau"
https://www.youtube.com/watch?v=aseb366lkSU,"Gary Heil on Creative Thinking - Washington Speakers Bureau"
https://www.youtube.com/watch?v=mmfWLp4K0G0,"Gary Heil on Being Better than You Were Yesterday - Washington Speakers Bureau"
https://www.youtube.com/watch?v=AexwhrnBkE0,"Gary Heil on the Need for Certainty - Washington Speakers Bureau"
https://www.youtube.com/watch?v=Dnf7mvRiGCI,"John Whyte on Uncertainty in Medicine - Washington Speakers Bureau"
https://www.youtube.com/watch?v=xOlteealGs8,"John Whyte on the Impact of Burnout - Washington Speakers Bureau"
https://www.youtube.com/watch?v=ZQ8OhKT8njI,"John Whyte on Challenges of Communicating with Patients in Public Health- Washington Speakers Bureau"
https://www.youtube.com/watch?v=DR-qs1tQDi4,"John Whyte on Telemedicine - Washington Speakers Bureau"
https://www.youtube.com/watch?v=ZCtB_uZ01v8,"John Whyte on Meeting Health Needs During Covid - Washington Speakers Bureau"
https://www.youtube.com/watch?v=YgWeP0lsB3Q,"Horst Schulze on Empowering Employees to be Their Very Best - Washington Speakers Bureau"
https://www.youtube.com/watch?v=3IbMu7Ud5UI,"Horst Schulze on Leading With the Right Vision for Your Organization - Washington Speakers Bureau"
https://www.youtube.com/watch?v=ocyC4jJ4C90,"Horst Schulze on Creating an Environment For Customer Expectations - Washington Speakers Bureau"
https://www.youtube.com/watch?v=H9Ef5GqXiNc,"Horst Schulze on Great Leadership Doesn't Sacrifice Purpose or Values - Washington Speakers Bureau"
https://www.youtube.com/watch?v=0Wmdthj9yTA,"Horst Schulze on Establishing Customer Loyalty Through Trust - Washington Speakers Bureau"
https://www.youtube.com/watch?v=_jLWO6hzqmQ,"Horst Schulze on Working to Define Yourself as the Very Best - Washington Speakers Bureau"
https://www.youtube.com/watch?v=QCL3L8nZT8M,"Terry Bradshaw - Going Deep Official Trailer  - Washington Speakers Bureau"
https://www.youtube.com/watch?v=RflUlibmUzs,"Anthony Klotz on The Psychology of Quitting - Washington Speakers Bureau"
https://www.youtube.com/watch?v=plqz4BK7kh0,"Bob Iger Speaking Reel - Washington Speakers Bureau"
https://www.youtube.com/watch?v=NXgF0mRGrPg,"Chris Jackson on Unexpected Moments as a Royal Photographer - Washington Speakers Bureau"
https://www.youtube.com/watch?v=O595EDtnl04,"Obi Felten on Diversity and Inclusion - Washington Speakers Bureau"
https://www.youtube.com/watch?v=lEgcGcZXlJ8,"Obi Felten Shares Three Tips on How to Deal With Failure - Washington Speakers Bureau"
https://www.youtube.com/watch?v=Kf3ORg0C9ew,"Alexi Pappas on Being a Role Model - Washington Speakers Bureau"
https://www.youtube.com/watch?v=sJgMLCZOYnc,"Luke Williams on Extracting Value From Technology - Washington Speakers Bureau"
https://www.youtube.com/watch?v=dFxJCS98xeU,"Luke Williams on the Potential for Reinvention - Washington Speakers Bureau"
https://www.youtube.com/watch?v=eXI9rOLWXDg,"Luke Williams on the Richest Areas for the Future - Washington Speakers Bureau"
https://www.youtube.com/watch?v=U57Zvt3iBUg,"Luke Williams on How System Determines Behavior - Washington Speakers Bureau"
https://www.youtube.com/watch?v=9zipNWpNejg,"Luke Williams on Why You Need to Change Your Ideas - Washington Speakers Bureau"
https://www.youtube.com/watch?v=oQTXeQE9xmQ,"Luke Williams on the Biggest Barrier to Innovation - Washington Speakers Bureau"
https://www.youtube.com/watch?v=qaGnSoRSDBE,"Luke Williams on Building Future Capabilities - Washington Speakers Bureau"
https://www.youtube.com/watch?v=jWA2Uzr5ToM,"Luke Williams on Creating New Value and Wealth - Washington Speakers Bureau"
https://www.youtube.com/watch?v=ehqErF30sVQ,"Alexi Pappas on Not Thinking Too Far Ahead - Washington Speakers Bureau"
https://www.youtube.com/watch?v=h13EEsNRbkM,"Alexi Pappas on Willpower - Washington Speakers Bureau"
https://www.youtube.com/watch?v=SDkBlsX-Z_0,"Reggie Butler on Becoming an Evolved Leader - Washington Speakers Bureau"
https://www.youtube.com/watch?v=aEQNZ6AwWoM,"Reggie Butler on Belonging - Washington Speakers Bureau"
https://www.youtube.com/watch?v=K9yKlMB0gD4,"Lou Holtz Tribute - Washington Speakers Bureau"
https://www.youtube.com/watch?v=gL-zPmSQnH0,"Dr. John Whyte Discusses President Biden's First 100 Days - Washington Speakers Bureau"
https://www.youtube.com/watch?v=ANeLZtnfJjk,"Dr. John Whyte Discusses the Social Impacts of COVID-!9 - Washington Speakers Bureau"
https://www.youtube.com/watch?v=oBaEM4pr8xs,"Year Ahead 2021: A Year of Renewal - Washington Speakers Bureau"
https://www.youtube.com/watch?v=kSoR-H-ffP4,"Dr. John Whyte on Pandemic in Perspective - Washington Speakers Bureau"
https://www.youtube.com/watch?v=tdqVxDVvf28,"John Whyte on Expert Conversations: How COVID-19 Has Impacted Life - Washington Speakers Bureau"
https://www.youtube.com/watch?v=22QSDh46uMo,"Dr. John Whyte Speaks With Dr. Phil About Maximizing Mental Health - Washington Speakers Bureau"
https://www.youtube.com/watch?v=zuih6M0BBjU,"Dr. John Whyte and Dr. Celine Gounder on End Goals for COVID-19 - Washington Speakers Bureau"
https://www.youtube.com/watch?v=57UNrNc3HBQ,"Kat Cole on Not Letting Your Roots Define You - Washington Speakers Bureau"
https://www.youtube.com/watch?v=eSLiBbJwk34,"Dr. Simone Ahuja Speaking Reel 2021 - Washington Speakers Bureau"
https://www.youtube.com/watch?v=UQnLfcAlelA,"Kathy Varol Speaking Reel 2021 - Washington Speakers Bureau"
https://www.youtube.com/watch?v=CW5LtGMHryM,"Kat Cole on How Building a Community Drives Brands - Washington Speakers Bureau"
https://www.youtube.com/watch?v=hTe9XLb5AWA,"Dr. John Whyte on Ways to Take Control of Your Cancer Risk - Washington Speakers Bureau"
https://www.youtube.com/watch?v=LLXrX5arWew,"Dan Goods on Seeing Particles from Exploded Stars - Washington Speakers Bureau"
https://www.youtube.com/watch?v=OwK8JsaEryo,"Dan Goods on Drilling a Hole into a Grain of Sand - Washington Speakers Bureau"
https://www.youtube.com/watch?v=idgtP_nPR1A,"Dan Goods on How Playing with Bottles Got Me a Job at NASA - Washington Speakers Bureau"
https://www.youtube.com/watch?v=0fT5KBfuYzA,"Dan Goods on Data Experiences - Washington Speakers Bureau"
https://www.youtube.com/watch?v=TMchMr3CX7I,"Mark Carney on Addressing Climate Change for a Better Future  - Washington Speakers Bureau"
https://www.youtube.com/watch?v=1L8_lpX1GP0,"Mark Carney on What to Consider for a Carbon Emissions Portfolio - Washington Speakers Bureau"
https://www.youtube.com/watch?v=hkL2Qkt-GlM,"Mark Carney on Managing Climate Change Risk - Washington Speakers Bureau"
https://www.youtube.com/watch?v=gTHh4G6rRZ4,"Mark Carney on Holding Companies Accountable for Carbon  Emissions - Washington Speakers Bureau"
https://www.youtube.com/watch?v=I9FXB76-GpM,"Mark Carney on Why Companies Need Net Zero Carbon Emissions Plans - Washington Speakers Bureau"
https://www.youtube.com/watch?v=wnfalrVV_oU,"Mark Carney on Maximizing Net Zero Carbon Emissions - Washington Speakers Bureau"
https://www.youtube.com/watch?v=CZpUGHREaa0,"Duncan Wardle – Hybrid Keynote Speaking Reel 2021 - Washington Speakers Bureau"
https://www.youtube.com/watch?v=qZo6fu-doqc,"Jeanne Meserve and Ryan Gellert on Patagonia's Activism - Washington Speakers Bureau"
https://www.youtube.com/watch?v=BNHIMT3kzVM,"Jeanne Meserve and Patagonia's Ryan Gellert on Voting Rights Activism - Washington Speakers Bureau"
https://www.youtube.com/watch?v=QYuA6bbtc5g,"Jeanne Meserve and Patagonia's Ryan Gellert on Carbon Neutrality - Washington Speakers Bureau"
https://www.youtube.com/watch?v=tRHL7NqiimU,"Jeanne Meserve and Facebook's Nick Clegg on Vaccine Disinformation - Washington Speakers Bureau"
https://www.youtube.com/watch?v=1EpRx5IEHes,"Jeanne Meserve Interviews Facebook's Nick Clegg on How They Share Data - Washington Speakers Bureau"
https://www.youtube.com/watch?v=L9jAA56D6JU,"Jeanne Meserve and Facebook's Nick Clegg on Confronting Disinformation - Washington Speakers Bureau"
https://www.youtube.com/watch?v=uEIuWuaVrXI,"Kyle Carpenter on E:60: Uncommon Valor - Washington Speakers Bureau"
https://www.youtube.com/watch?v=B5PTA3-sTfs,"Kyle Carpenter on 10th Alive Day - Washington Speakers Bureau"
https://www.youtube.com/watch?v=-cdrwXO9KUg,"Thomas J. DeLong on Covenantal Relationships With Colleagues - Washington Speakers Bureau"
https://www.youtube.com/watch?v=MeU3TPLTv00,"Thomas J. DeLong on Covenantal Relationships - Washington Speakers Bureau"
https://www.youtube.com/watch?v=TMUdV6SBN40,"Thomas J.  DeLong  on Why Leaders Need to be Teachers - Washington Speakers Bureau"
https://www.youtube.com/watch?v=Jc-sFSjCaHM,"Thomas J. DeLong on Mitigating Distortions  - Washington Speakers Bureau"
https://www.youtube.com/watch?v=z8nFhlwCu8M,"Thomas J. DeLong on Covenant Versus Contract - Washington Speakers Bureau"
https://www.youtube.com/watch?v=sKW6ZJQmxTM,"Thomas J. DeLong on Leading by the Numbers - Washington Speakers Bureau"
https://www.youtube.com/watch?v=XoYn1uTZwyY,"Thomas J. DeLong on What are You Selling and How do You Really Live - Washington Speakers Bureau"
https://www.youtube.com/watch?v=R2w4N8PK6Pk,"Thomas J. DeLong on Living Lives of Extenuating Circumstances - Washington Speakers Bureau"
https://www.youtube.com/watch?v=QF5UAYO2p1o,"Thomas J. DeLong on Signs of Fear - Washington Speakers Bureau"
https://www.youtube.com/watch?v=7cqMTcmdEeg,"Thomas J. DeLong on Moments of Losing Your Way - Washington Speakers Bureau"
https://www.youtube.com/watch?v=TIWxZcucNBI,"Thomas J. DeLong on the Best Teachers are Leaders - Washington Speakers Bureau"
https://www.youtube.com/watch?v=B-khTI-HR08,"Rebecca Messina on You Need to Start Somewhere - Washington Speakers Bureau"
https://www.youtube.com/watch?v=ef41a1XLChI,"Rebecca Messina on the Role of the Marketer Today - Washington Speakers Bureau"
https://www.youtube.com/watch?v=d2mJcubnZIM,"Rebecca Messina on How Brands Need to Think About Relationships - Washington Speakers Bureau"
https://www.youtube.com/watch?v=5l2V3BFbZ9c,"Rebecca Messina on the Capabilities Needed to Build Organizations - Washington Speakers Bureau"
https://www.youtube.com/watch?v=ntHKO3AzzqE,"Rebecca Messina on Marketing in the Twenty-First Century - Washington Speakers Bureau"
https://www.youtube.com/watch?v=DmEfSEgqqR8,"Rebecca Messina on Finding Where Value is Needed in an Organization - Washington Speakers Bureau"
https://www.youtube.com/watch?v=OhpvU7TfF1Y,"Rebecca Messina on the Importance of Consumer's Love for Brands  - Washington Speakers Bureau"
https://www.youtube.com/watch?v=cICAxSO77mw,"Rebecca Messina on the Fundamentals of Marketing  - Washington Speakers Bureau"
https://www.youtube.com/watch?v=ZVqNzCo4BME,"Rebecca Messina on Creative Briefs and Outlining the Scope of Work - Washington Speakers Bureau"
https://www.youtube.com/watch?v=GucQfBMLKAc,"Rebecca Messina on Advice for Marketers - Washington Speakers Bureau"
https://www.youtube.com/watch?v=NS0Qga3NIWY,"Nancy Koehn on Feeding and Watering - Washington Speakers Bureau"
https://www.youtube.com/watch?v=-IUEHGHGoNY,"Kevin Carroll - TEDxOU: A Resignation From Adulthood - Washington Speakers Bureau"
https://www.youtube.com/watch?v=oP5p58-bcQQ,"Kevin Carroll on Turning Ideas Into Reality - Washington Speakers Bureau"
https://www.youtube.com/watch?v=_owREZznwjQ,"Kevin Carroll on You Have to Lead with Courage - Washington Speakers Bureau"
https://www.youtube.com/watch?v=MPFr5IQRf50,"Kevin Carroll - TEDxHarlem: Play is Necessary  - Washington Speakers Bureau"
https://www.youtube.com/watch?v=PbWt4iPWaUE,"Kevin Carroll - TEDxAustinWomen:The Power and Magic of Matriarchs - Washington Speakers Bureau"
https://www.youtube.com/watch?v=blD0AJ5_ZR0,"Kevin Carroll on D.R.E.A.M - Washington Speakers Bureau"
https://www.youtube.com/watch?v=cncfsaL7jFc,"Hubert Joly on The Future of Business - Washington Speakers Bureau"
https://www.youtube.com/watch?v=3IURn1wLxUo,"Hubert Joly on How COVID Has Changed The Heart of Organizations - Washington Speakers Bureau"
https://www.youtube.com/watch?v=xIU0CdBvOsU,"Hubert Joly on How Focusing on Profit Is Not Good for the Soul - Washington Speakers Bureau"
https://www.youtube.com/watch?v=DOIUtxeD1Oo,"Hubert Joly on  How we should think about work"
https://www.youtube.com/watch?v=16_drwBN8ho,"Hubert Joly on "The Heart of Business" - Washington Speakers Bureau"
https://www.youtube.com/watch?v=u3Q9VWSFX9s,"Hubert Joly on "The Purposeful Leader" - Washington Speakers Bureau"
https://www.youtube.com/watch?v=7fkug4OUPJ8,"Debra Searle Virtual Speaking Reel - Washington Speakers Bureau"
https://www.youtube.com/watch?v=ernYh8Xu1os,"Bear Grylls Speaking Reel 2022 - Washington Speakers Bureau"
https://www.youtube.com/watch?v=emxTZbn3yMY,"Rachel Botsman Speaking Reel 2021 - Washington Speakers Bureau"
https://www.youtube.com/watch?v=mwvr0QsaULk,"Alexi Pappas on Her Memoir "Bravey" - Washington Speakers Bureau"
https://www.youtube.com/watch?v=6bfbji13ZPQ,"Mike "Coach K" Krzyzewski on Competition - Washington Speakers Bureau"
https://www.youtube.com/watch?v=mUoh0IdP10E,"Adm. William H. McRaven Speaks on His New Book 'The Hero Code' - Washington Speakers Bureau"
https://www.youtube.com/watch?v=_oKgReB8IEw,"Richard Montańez on Diversity, Civil Rights, and Standing Out - Washington Speakers Bureau"
https://www.youtube.com/watch?v=U753BORk1f0,"Walter Isaacson on 'The Code Breaker' Who Began a Scientific Revolution - Washington Speakers Bureau"
https://www.youtube.com/watch?v=7cnue0oMzfU,"Mallory Weggemann on Being 'Limitless' - Washington Speakers Bureau"
https://www.youtube.com/watch?v=MrEmag9wTOY,"Arianna Huffington on Multitasking & Team Building - Washington Speakers Bureau"
https://www.youtube.com/watch?v=eXtduNFrN50,"Arianna Huffington on Having Purpose and Avoiding Burnout - Washington Speakers Bureau"
https://www.youtube.com/watch?v=tCA-SUEjKtw,"Kat Cole on Pragmatic Optimism and The Importance of Asking Questions - Washington Speakers Bureau"
https://www.youtube.com/watch?v=XkVPOgk4NWw,"Kat Cole on Taking Cinnabon Beyond The Mall - Washington Speakers Bureau"
https://www.youtube.com/watch?v=R3zuZrglzLI,"Kat Cole on Becoming President of Cinnabon - Washington Speakers Bureau"
https://www.youtube.com/watch?v=0ZOMlfIKi34,"Kat Cole on Curiosity and Vulnerability - Washington Speakers Bureau"
https://www.youtube.com/watch?v=NHdzY0dI_uQ,"Kat Cole on Women in Leadership and Being an Executive at 26 - Washington Speakers Bureau"
https://www.youtube.com/watch?v=iNkkWbKO9vc,"Kat Cole on How Her Childhood Influenced Her Leadership  - Washington Speakers Bureau"
https://www.youtube.com/watch?v=zlC_k9Y3gaw,"Kat Cole on Confidence in Curiosity and Humility - Washington Speakers Bureau"
https://www.youtube.com/watch?v=YQxfD9WEqkQ,"Dr. Arthur C. Brooks on The Shareholder Maximization Model - Washington Speakers Bureau"
https://www.youtube.com/watch?v=5XeuGv18gvA,"Dr. Arthur C. Brooks on Leadership, Love, Happiness and Success - Washington Speakers Bureau"
https://www.youtube.com/watch?v=Co_rBXklARo,"Kat Cole on Great Leadership - Washington Speakers Bureau"
https://www.youtube.com/watch?v=-_ZYXGtmsDk,"Kat Cole on Understanding Success and The Hotshot Rule - Washington Speakers Bureau"
https://www.youtube.com/watch?v=wkXqZISavCs,"Kat Cole on Evaluating Priorities - Washington Speakers Bureau"
https://www.youtube.com/watch?v=m0GiJMAH2Bg,"Michele Thornton Ghee on Leadership Lessons - Washington Speakers Bureau"
https://www.youtube.com/watch?v=-WkVxcDsUIg,"Dr. Arthur C. Brooks on Motivation at Work -  Washington Speakers Bureau"
https://www.youtube.com/watch?v=pZonKiJDUek,"Dr. Arthur C. Brooks on Self-Reflection and Continuous Learning - Washington Speakers Bureau"
https://www.youtube.com/watch?v=bp8h-pnH8oY,"Arthur Brooks on How Meaning and Purpose Correlates to Happiness - Washington Speakers Bureau"
https://www.youtube.com/watch?v=Jn9Nwf7N70c,"Dr. Arthur C. Brooks on Leadership, Love, Happiness and Success - Washington Speakers Bureau"
https://www.youtube.com/watch?v=AKfI0HyfjOQ,"Dr. Arthur C. Brooks on Becoming A Leader - Washington Speakers Bureau"
https://www.youtube.com/watch?v=dJ1mTdNdZf8,"Adm. William H. McRaven on Accountability and Great Leadership - Washington Speakers Bureau"
https://www.youtube.com/watch?v=Jr6m60GSBBU,"Adm. William H. McRaven on Leaders He Sees As Role Models - Washington Speakers Bureau"
https://www.youtube.com/watch?v=itPCuEyh_ZA,"Adm. William H. McRaven on Leadership and Welcoming Critique - Washington Speakers Bureau"
https://www.youtube.com/watch?v=dqvl5lsStVU,"Adm. William H. McRaven on Instilling Hope - Washington Speakers Bureau"
https://www.youtube.com/watch?v=NeCeza6N6P0,"Adm. William H. McRaven on His Leadership Advice - Washington Speakers Bureau"
https://www.youtube.com/watch?v=G9ArtU1Hmow,"Adm. William H. McRaven on Inspiring Others - Washington Speakers Bureau"
https://www.youtube.com/watch?v=236iYhCAZZs,"Adm. William H. McRaven on Great Organizations and Accountability - Washington Speakers Bureau"
https://www.youtube.com/watch?v=vyIOpQE65J4,"Dr. Arthur C. Brooks on Leadership and Contempt Versus Anger - Washington Speakers Bureau"
https://www.youtube.com/watch?v=5peGMB4D6dk,"Dr. Arthur C. Brooks on Bad Leadership Models - Washington Speakers Bureau"
https://www.youtube.com/watch?v=v06s3gTyGq8,"Adam Grant on The Surprising Habits of Original Thinkers - Washington Speakers Bureau"
https://www.youtube.com/watch?v=7gcc3JL5htk,"Mark Carney - Sizzle Reel - Washington Speakers Bureau"
https://www.youtube.com/watch?v=bAvOqb0zHqI,"Mark Carney - Sizzle Reel - Washington Speakers Bureau"
https://www.youtube.com/watch?v=JPNeXhGSvqo,"John Register - Speaker Reel - Washington Speakers Bureau"
https://www.youtube.com/watch?v=yYpbDzDKHjU,"Dick Vitale - Speaker Reel - Washington Speakers Bureau"
https://www.youtube.com/watch?v=P0Wor3ZnKkQ,"Ian Bremmer on Robinhood and Gamestop - Washington Speakers Bureau"
https://www.youtube.com/watch?v=9CN64mWwI1g,"Michele Thornton Ghee and Kevin Carroll on Being Resilient - Washington Speakers Bureau"
https://www.youtube.com/watch?v=4pJzNWlIy4k,"Michele Thornton Ghee and Kevin Carroll on Expecting the Unexpected - Washington Speakers Bureau"
https://www.youtube.com/watch?v=PX6ej79truQ,"Michele Thornton Ghee and Kevin Carroll on Arming the Next Generation - Washington Speakers Bureau"
https://www.youtube.com/watch?v=bAQE4Qi3-Rc,"Michele Thornton Ghee and Kevin Carroll on Diverse Branding - Washington Speakers Bureau"
https://www.youtube.com/watch?v=k_T2hvKv01Q,"Mallory Weggemann on Being Resilient and Finding Positivity in Change - Washington Speakers Bureau"
https://www.youtube.com/watch?v=9_hMQnMSCNc,"Arianna Huffington on How to Prioritize - Washington Speakers Bureau"
https://www.youtube.com/watch?v=G63mCk6w72Q,"Arianna Huffington on Why a Business Leader Needs Rest - Washington Speakers Bureau"
https://www.youtube.com/watch?v=8WQ8r-_xXiA,"Dr. Arthur C. Brooks on How to Lead a Good Life - Washington Speakers Bureau"
https://www.youtube.com/watch?v=Rlt-d1-8afg,"Arianna Huffington on How to Start Your Day - Washington Speakers Bureau"
https://www.youtube.com/watch?v=PAcaeVXeiuA,"Dr. Arthur C. Brooks on Leadership, Motivation, and Happiness - Washington Speakers Bureau"
https://www.youtube.com/watch?v=9TV7rOoV6ho,"Adam Grant on Spotting Problems Before They Exist - Washington Speakers Bureau"
https://www.youtube.com/watch?v=jYvEW68XSYU,"Adam Grant on Having a Learning Mindset - Washington Speakers Bureau"
https://www.youtube.com/watch?v=cel2kwioJ9k,"Meredith Fineman on The Qualified Quiet - Washington Speakers Bureau"
https://www.youtube.com/watch?v=NQwudusI_Bs,"Meredith Fineman on Bragging as a Woman"
https://www.youtube.com/watch?v=eetNpVcXlug,"Meredith Fineman on How to Lead Introductions - Washington Speakers Bureau"
https://www.youtube.com/watch?v=t-plInJnhB0,"Leadership Lessons From The Fast Lane Series - Washington Speakers Bureau - Season 1"
https://www.youtube.com/watch?v=OZCgwQBDUWI,"Lauren Simmons - Speaking Reel - Washington Speakers Bureau"
https://www.youtube.com/watch?v=E4clSeJgrKM,"Bonnie St. John on Using Exercise to Make You Smarter - Washington Speakers Bureau"
https://www.youtube.com/watch?v=ncvQUFJ9_wM,"Bonnie St. John on Creating Zones of Focus - Washington Speakers Bureau"
https://www.youtube.com/watch?v=VCJoS0WPmwE,"Bonnie St. John on Micro-Resilience - Washington Speakers Bureau"
https://www.youtube.com/watch?v=IrkCh_bMMjM,"Monty Moran on Empowering an Unstoppable Team - Washington Speakers Bureau"
https://www.youtube.com/watch?v=bqiDk9kAAGw,"Mark Carney - Sizzle Reel - Washington Speakers Bureau"
https://www.youtube.com/watch?v=QA4iK1owm58,"Hubert Joly on The Purposeful Leader - Washington Speakers Bureau"
https://www.youtube.com/watch?v=L1HQy5VTbA8,"Hubert Joly on Unleashing Human Magic - Washington Speakers Bureau"
https://www.youtube.com/watch?v=cTMmEyoezkM,"Hubert Joly on How We Can Think About Work - Washington Speakers Bureau"
https://www.youtube.com/watch?v=HJ0BZdd2DME,"Hubert Joly on How to Focus Your Business - Washington Speakers Bureau"
https://www.youtube.com/watch?v=HeQQQhWukYk,"Hubert Joly on How the Current Crisis Has Changed Organizations - Washington Speakers Bureau"
https://www.youtube.com/watch?v=1Iv8UAHpytI,"Hubert Joly on The Future of Business - Washington Speakers Bureau"
https://www.youtube.com/watch?v=mCm0fGh0eao,"Monty Moran on Making Chipotle Better in His Documentary "Connected" - Washington Speakers Bureau"
https://www.youtube.com/watch?v=SiJuGPyiO4Q,"Roger Ferguson - Speaking Reel - Washington Speakers Bureau"
https://www.youtube.com/watch?v=uCcj1vw7JRc,"Hubert Joly - Sizzle Reel - Washington Speakers Bureau"
https://www.youtube.com/watch?v=IUG-YwkRVlg,"Gen. Joseph Dunford with Gary Heil | Leadership Lessons From The Fastlane, Episode 14"
https://www.youtube.com/watch?v=PzcppSnVkF0,"James Comey with Gary Heil | Leadership Lessons From The Fastlane, Episode 13"
https://www.youtube.com/watch?v=tlV0lIO6C-U,"Jill Ellis with Gary Heil | Leadership Lessons from the Fast Lane, Episode 11"
https://www.youtube.com/watch?v=YReTvLn8OHU,"Tom Shillue on His Old Fashioned Childhood and His Mean Dad  - Washington Speakers Bureau"
https://www.youtube.com/watch?v=OF9gku0ukjU,"Meredith Fineman on The Light Switch of Visibility - Washington Speakers Bureau"
https://www.youtube.com/watch?v=gaGZr_dcBS0,"John Kerry on Being a Leader in Today's Globalized World - Washington Speakers Bureau"
https://www.youtube.com/watch?v=VurdOZKzmK0,"Dr. Omékongo Dibinga on Listening More and Talking Less - Washington Speakers Bureau"
https://www.youtube.com/watch?v=tA1TrFZmEa0,"Jill Ellis on Embracing the Spotlight and Advocating for Social Justice - Washington Speakers Bureau"
https://www.youtube.com/watch?v=TMT0IB_DkfA,"Michael Rogers on How Work Will Become Increasingly More Remote  - Washington Speakers Bureau"
https://www.youtube.com/watch?v=hlOwjt48rCg,"Derek Hughes Shares a Magic Trick You Can Learn at Home - Washington Speakers Bureau"
https://www.youtube.com/watch?v=L1mQ8N5VhZo,"Dr. Michio Kaku on Why We Should Invest in Space Programs - Washington Speakers Bureau"
https://www.youtube.com/watch?v=TAV74N5Slio,"Dr. Arthur C. Brooks on Combating Isolation and Loneliness - Washington Speakers Bureau"
https://www.youtube.com/watch?v=iMIZQ0Mffxk,"Tom Mendoza on Attitude in the Workplace - Washington Speakers Bureau"
https://www.youtube.com/watch?v=_7M1S7qVjC8,"Tom Peters on How Quality is a Function of Quantity - Washington Speakers Bureau"
https://www.youtube.com/watch?v=KE_Hi480iVk,"Vinay Narayan on How to Scale Impact - Washington Speakers Bureau"
https://www.youtube.com/watch?v=4kzoc14isW8,"Arianna Huffington on Needing Rest and Disconnecting from Smartphones - Washington Speakers Bureau"
https://www.youtube.com/watch?v=sjlGNv2TGD0,"Mona Sutphen on the Need for Micro Loans at the Local Level - Washington Speakers Bureau"
https://www.youtube.com/watch?v=A58EfUPMFW4,"Adm. James Stavridis, Adm. Will McRaven and Shannon Bream on Leadership - Washington Speakers Bureau"
https://www.youtube.com/watch?v=YHCQlb2ywHQ,"Dr. Mike Massimino and Jerry Linenger on The Resilience of Astronauts - Washington Speakers Bureau"
https://www.youtube.com/watch?v=TT4s7FkA7ag,"Platon and Dr. Ryan McGarry on Being on the Frontlines of Covid-19 - Washington Speakers Bureau"
https://www.youtube.com/watch?v=oLIkppjGE1A,"Daniel Pink on How Time of Day Affects Performance Results - Washington Speakers Bureau"
https://www.youtube.com/watch?v=nozEsOOX594,"Platon and Dr. Ryan McGarry on What Makes a Good Leader - Washington Speakers Bureau"
https://www.youtube.com/watch?v=GVUYFVVqLZQ,"Platon and Dr. Ryan McGarry on What Creates Resiliency - Washington Speakers Bureau"
https://www.youtube.com/watch?v=WqbcQ4ktzS4,"Platon and Dr. Ryan McGarry on How Covid-19 Might Change Our Values - Washington Speakers Bureau"
https://www.youtube.com/watch?v=P_Sc3Pnxbfc,"Platon and Dr. Ryan McGarry on Having Compassion in a Global Pandemic - Washington Speakers Bureau"
https://www.youtube.com/watch?v=wyZhqMmlT6Q,"Jerry Linenger on Staying Healthy During Quarantine - Washington Speakers Bureau"
https://www.youtube.com/watch?v=TZZG_2kqAF4,"Dick Vitale on Battling Through Tough Times - Washington Speakers Bureau"
https://www.youtube.com/watch?v=IceuV6SjD7Q,"Michele Thornton Ghee on Planning Goals During Quarantine - Washington Speakers Bureau"
https://www.youtube.com/watch?v=3V1ZrL7naqw,"Michele Thornton Ghee on Keeping Authenticity in Troubling Times - Washington Speakers Bureau"
https://www.youtube.com/watch?v=xy3uAzwM1M8,"Pandit Dasa on Mindfulness and Resilience During Covid-19 - Washington Speakers Bureau"
https://www.youtube.com/watch?v=0-vr7kMybso,"Dan Heath on How Moments Are Messages - Washington Speakers Bureau"
https://www.youtube.com/watch?v=Yxi2YCDvwlI,"Amy Cuddy and Mallory Weggemann on Making Resilience Your Super Power - Washington Speakers Bureau"
https://www.youtube.com/watch?v=4Rn36VT7w8c,"Gen. Joseph Dunford on His Approach to Leadership and Teamwork - Washington Speakers Bureau"
https://www.youtube.com/watch?v=A5HUZxoF8Fs,"Bill Herz Performs a Slight of Hand Card Trick - Washington Speakers Bureau"
https://www.youtube.com/watch?v=kzJbfBrolwY,"Bill Herz on What to Expect From a Magician at Your Event - Washington Speakers Bureau"
https://www.youtube.com/watch?v=iAVUi6U1hdY,"Sallie Krawcheck on How The Financial Crisis Made It Worse for Women - Washington Speakers Bureau"
https://www.youtube.com/watch?v=iu7RWv3S4Fs,"Dr. John Whyte on Changing Our Mindset About Personal Health -Washington Speakers Bureau"
https://www.youtube.com/watch?v=t_0DQzqwnT8,"Jill Ellis on Celebrating the Person, Not the Goal - Washington Speakers Bureau"
https://www.youtube.com/watch?v=J3e8nah_UG4,"Amy Cuddy on How Presence Begets Presence - Washington Speakers Bureau"
https://www.youtube.com/watch?v=jGFu_8UikqM,"Dr. John Whyte on the Relationship Between Public Health and Business - Washington Speakers Bureau"
https://www.youtube.com/watch?v=FwamLCtORKA,"Dr. John Whyte Provides Facts About the Coronavirus - Washington Speakers Bureau"
https://www.youtube.com/watch?v=RruBK0XJ1UQ,"Michele Thornton Ghee on Following Up in a Different Way - Washington Speakers Bureau"
https://www.youtube.com/watch?v=IYy_eGYnxpo,"Ezra Klein on The Design of Impeachment - Washington Speakers Bureau"
https://www.youtube.com/watch?v=AAB1yc9ge6o,"Jon Favreau on Nativism and The Lesson of 2016 - Washington Speakers Bureau"
https://www.youtube.com/watch?v=i06Fw6gmGO0,"George Blankenship on Steve Job's and Elon Musk's Leadership - Washington Speakers Bureau"
https://www.youtube.com/watch?v=hu5RYlIpu4M,"Mike "Coach K" Krzyzewski on Recruiting for Good Character - Washington Speakers Bureau"
https://www.youtube.com/watch?v=IbbPTqc1YWE,"Adm. James Stavridis on Conflict in North Korea - Washington Speakers Bureau"
https://www.youtube.com/watch?v=fkeeWMAVmhI,"Robert Gates on U.S. Presidents and Foreign Leaders - Washington Speakers Bureau"
https://www.youtube.com/watch?v=7uySh2xUuK8,"Alex Sheen on Why It Does Not Matter What Language You Speak - Washington Speakers Bureau"
https://www.youtube.com/watch?v=-VXnagkUsJU,"Brian Mulroney on What NAFTA Has Become - Washington Speakers Bureau"
https://www.youtube.com/watch?v=KPnRJ7JRPXQ,"Chip Heath on Why He Believes Perfection is Not Required - Washington Speakers Bureau"
https://www.youtube.com/watch?v=T1tQUwclhrI,"Lt. Col. Dan Rooney on Going Before You're Ready - Washington Speakers Bureau"
https://www.youtube.com/watch?v=fgqr5zYPR8E,"John Kerry on China and Cyber Security - Washington Speakers Bureau"
https://www.youtube.com/watch?v=PIiDaTGAp4Q,"Harry G. Broadman on China's Economic Growth - Washington Speakers Bureau"
https://www.youtube.com/watch?v=jzH0u3AdzXU,"Jeb Bush on Immigration and The United States Border - Washington Speakers Bureau"
https://www.youtube.com/watch?v=fPVoZ1yhjb0,"Jennifer Golbeck on Biases in Artificial Intelligence - Washington Speakers Bureau"
https://www.youtube.com/watch?v=izQME9UgUN4,"Mariano Rivera on Growing Up in Panama - Washington Speakers Bureau"
https://www.youtube.com/watch?v=PIgIA5RdzYI,"Jill Ellis on Understanding the Fabric of the People Around You - Washington Speakers Bureau"
https://www.youtube.com/watch?v=ZMsT4HyUtrs,"John Kerry on Leadership in Climate Change - Washington Speakers Bureau"
https://www.youtube.com/watch?v=majUMBM2Zhw,"Washington Speakers Bureau - Champions of the Shared Idea"
https://www.youtube.com/watch?v=rO3j8gFaMWA,"Mona Sutphen on The 2020 Presidential Election and Trade - Washington Speakers Bureau"
https://www.youtube.com/watch?v=stcE8RZkcAo,"Lee Woodruff Shares a Moment of Humanity - Washington Speakers Bureau"
https://www.youtube.com/watch?v=jNCLpc9T2-o,"Mike Robbins on The Recipe for Authenticity - Washington Speakers Bureau"
https://www.youtube.com/watch?v=lWIxyESKN6k,"Richard Montańez on Being Diverse and Standing Out - Washington Speakers Bureau"
https://www.youtube.com/watch?v=UUe22xJG79s,"Platon on The Most Powerful Photo of the 2008 Election - Washington Speakers Bureau"
https://www.youtube.com/watch?v=PN118ewhMLo,"Tony Scott on Four Opportunities to Transform Your Business - Washington Speakers Bureau"
https://www.youtube.com/watch?v=3siVHrxGlKM,"Sal Giunta on An Opportunity to Make Himself Useful - Washington Speakers Bureau"
https://www.youtube.com/watch?v=KvDvcmDQe-Q,"Kim Lear on The Backbone of Generational Theory - Washington Speakers Bureau"
https://www.youtube.com/watch?v=Fy3H2c6CKZk,"Sallie Krawcheck on Gender Diversity in Leadership - Washington Speakers Bureau"
https://www.youtube.com/watch?v=AOIxrWvet-w,"Michele Thornton Ghee on How to Be Your Best Self - Washington Speakers Bureau"
https://www.youtube.com/watch?v=3qGX1JMjYy8,"Dan Heath on If You Want Different Outcomes, Change the System - Washington Speakers Bureau"
https://www.youtube.com/watch?v=BlZkwoikigA,"Dr. John Whyte on Making His Audience More Powerful - Washington Speakers Bureau"
https://www.youtube.com/watch?v=p4p6OT7mFZc,"Allison Shapira on Her Goal of Making Her Speeches Interactive - Washington Speakers Bureau"
https://www.youtube.com/watch?v=_6gVechWVfY,"Scott Harrison on the Power of Storytelling and Building an Epic Brand - Washington Speakers Bureau"
https://www.youtube.com/watch?v=qCLnXDmzkKI,"Mark King on Breaking Barriers to Success and Embracing Greatness - Washington Speakers Bureau"
https://www.youtube.com/watch?v=aSTALmnB398,"Aneesh Chopra on the Importance of Transparency and Communication - Washington Speakers Bureau"
https://www.youtube.com/watch?v=gPX1kZeXigQ,"Mark King on Empowering Individuals to Challenge the Status Quo - Washington Speakers Bureau"
https://www.youtube.com/watch?v=71QR6suJggc,"Scott Harrison on His Work to Uplift People from Extreme Poverty - Washington Speakers Bureau"
https://www.youtube.com/watch?v=HBh8cR17CgQ,"Bonnie St. John on Consciously Cultivating Resilience - Washington Speakers Bureau"
https://www.youtube.com/watch?v=t0-9vLVdvCw,"Shelley Zalis on Finding Strength in Your Network - Washington Speakers Bureau"
https://www.youtube.com/watch?v=rwaCtQGaJzs,"Kat Cole on Being Your Own Self-Coach - Washington Speakers Bureau"
https://www.youtube.com/watch?v=T0xU3J_5nQw,"#SpeechMoves: A Movement by Washington Speakers Bureau"
https://www.youtube.com/watch?v=TC-7Kzok5wk,"Ali Wentworth on Embracing Change and Facing Fears - Washington Speakers Bureau"
https://www.youtube.com/watch?v=gEBIO2YeJfs,"Sally Kohn on Profound Leadership and Being an Example - Washington Speakers Bureau"
https://www.youtube.com/watch?v=JWjWn7Lly84,"Reince Priebus on How His Favorite D.C. Monument Fuels His Passion - Washington Speakers Bureau"
https://www.youtube.com/watch?v=8UieeKyar4A,"Shelley Zalis on Creating a Caring Culture in the Workplace - Washington Speakers Bureau"
https://www.youtube.com/watch?v=d_31KKq9ZyY,"Gen. David Petraeus on the Importance of Attitude - Washington Speakers Bureau"
https://www.youtube.com/watch?v=n8A2Ci-1w-w,"Reshma Saujani on Rethinking What Leadership Means Today - Washington Speakers Bureau"
https://www.youtube.com/watch?v=AJ93mYYN-hM,"José Andrés on Igniting Passion with People - Washington Speakers Bureau"
https://www.youtube.com/watch?v=KFpFUr14JAw,"Megan Smith on The Power of Storytelling - Washington Speakers Bureau"
https://www.youtube.com/watch?v=YuAo82v7aD4,"Bonnie St. John on Embracing Transformation - Washington Speakers Bureau"
https://www.youtube.com/watch?v=KfWn3Xvr0C4,"Kat Cole on the Impact of Exchanging Ideas with Peers and Mentors - Washington Speakers Bureau"
https://www.youtube.com/watch?v=x3j_5oeIb6s,"Megan Smith on The Power of Storytelling - Washington Speakers Bureau"
